time,joint,pos_x,pos_y,poz_z,frame
0.043,ShoulderLeft,-0.137,1.003,2.396,0
0.043,ElbowLeft,-0.355,1.015,2.476,0
0.043,WristLeft,-0.566,1.033,2.498,0
0.043,ShoulderRight,0.223,0.999,2.363,0
0.043,ElbowRight,0.457,1.012,2.408,0
0.043,WristRight,0.699,1.050,2.368,0
0.376,ShoulderLeft,-0.137,1.003,2.396,1
0.376,ElbowLeft,-0.356,1.013,2.475,1
0.376,WristLeft,-0.567,1.033,2.498,1
0.376,ShoulderRight,0.223,0.999,2.360,1
0.376,ElbowRight,0.458,1.011,2.406,1
0.376,WristRight,0.694,1.049,2.365,1
0.479,ShoulderLeft,-0.137,1.003,2.395,2
0.479,ElbowLeft,-0.357,1.012,2.474,2
0.479,WristLeft,-0.569,1.035,2.500,2
0.479,ShoulderRight,0.223,0.999,2.358,2
0.479,ElbowRight,0.459,1.010,2.404,2
0.479,WristRight,0.689,1.049,2.364,2
0.557,ShoulderLeft,-0.137,1.003,2.394,3
0.557,ElbowLeft,-0.357,1.012,2.474,3
0.557,WristLeft,-0.570,1.036,2.501,3
0.557,ShoulderRight,0.222,0.999,2.356,3
0.557,ElbowRight,0.459,1.010,2.402,3
0.557,WristRight,0.687,1.050,2.363,3
0.631,ShoulderLeft,-0.137,1.003,2.394,4
0.631,ElbowLeft,-0.358,1.011,2.474,4
0.631,WristLeft,-0.571,1.037,2.502,4
0.631,ShoulderRight,0.222,0.999,2.355,4
0.631,ElbowRight,0.459,1.009,2.401,4
0.631,WristRight,0.683,1.050,2.363,4
0.789,ShoulderLeft,-0.137,1.003,2.394,5
0.789,ElbowLeft,-0.359,1.011,2.474,5
0.789,WristLeft,-0.571,1.038,2.503,5
0.789,ShoulderRight,0.222,0.998,2.354,5
0.789,ElbowRight,0.460,1.008,2.400,5
0.789,WristRight,0.679,1.048,2.364,5
0.915,ShoulderLeft,-0.137,1.003,2.394,6
0.915,ElbowLeft,-0.359,1.011,2.474,6
0.915,WristLeft,-0.572,1.039,2.504,6
0.915,ShoulderRight,0.222,0.998,2.354,6
0.915,ElbowRight,0.460,1.008,2.399,6
0.915,WristRight,0.676,1.046,2.364,6
1.052,ShoulderLeft,-0.137,1.003,2.393,7
1.052,ElbowLeft,-0.360,1.011,2.474,7
1.052,WristLeft,-0.572,1.040,2.504,7
1.052,ShoulderRight,0.222,0.998,2.353,7
1.052,ElbowRight,0.460,1.007,2.399,7
1.052,WristRight,0.674,1.045,2.365,7
1.133,ShoulderLeft,-0.137,1.002,2.393,8
1.133,ElbowLeft,-0.360,1.011,2.474,8
1.133,WristLeft,-0.572,1.041,2.504,8
1.133,ShoulderRight,0.222,0.998,2.354,8
1.133,ElbowRight,0.460,1.007,2.398,8
1.133,WristRight,0.672,1.045,2.365,8
1.209,ShoulderLeft,-0.137,1.002,2.393,9
1.209,ElbowLeft,-0.361,1.011,2.474,9
1.209,WristLeft,-0.573,1.041,2.504,9
1.209,ShoulderRight,0.222,0.997,2.354,9
1.209,ElbowRight,0.460,1.007,2.398,9
1.209,WristRight,0.689,1.048,2.366,9
1.285,ShoulderLeft,-0.137,1.002,2.393,10
1.285,ElbowLeft,-0.361,1.011,2.474,10
1.285,WristLeft,-0.573,1.042,2.504,10
1.285,ShoulderRight,0.223,0.997,2.355,10
1.285,ElbowRight,0.460,1.006,2.398,10
1.285,WristRight,0.696,1.050,2.367,10
1.359,ShoulderLeft,-0.137,1.002,2.393,11
1.359,ElbowLeft,-0.362,1.011,2.474,11
1.359,WristLeft,-0.573,1.042,2.503,11
1.359,ShoulderRight,0.223,0.997,2.355,11
1.359,ElbowRight,0.460,1.006,2.398,11
1.359,WristRight,0.701,1.051,2.368,11
1.436,ShoulderLeft,-0.137,1.002,2.393,12
1.436,ElbowLeft,-0.362,1.011,2.474,12
1.436,WristLeft,-0.573,1.042,2.503,12
1.436,ShoulderRight,0.223,0.996,2.356,12
1.436,ElbowRight,0.460,1.006,2.398,12
1.436,WristRight,0.705,1.052,2.368,12
1.613,ShoulderLeft,-0.138,1.002,2.393,13
1.613,ElbowLeft,-0.362,1.011,2.474,13
1.613,WristLeft,-0.573,1.043,2.503,13
1.613,ShoulderRight,0.223,0.996,2.356,13
1.613,ElbowRight,0.459,1.006,2.398,13
1.613,WristRight,0.708,1.053,2.369,13
1.701,ShoulderLeft,-0.137,1.001,2.393,14
1.701,ElbowLeft,-0.363,1.010,2.474,14
1.701,WristLeft,-0.573,1.043,2.502,14
1.701,ShoulderRight,0.224,0.996,2.357,14
1.701,ElbowRight,0.459,1.005,2.399,14
1.701,WristRight,0.690,1.048,2.372,14
1.779,ShoulderLeft,-0.137,1.001,2.393,15
1.779,ElbowLeft,-0.363,1.010,2.474,15
1.779,WristLeft,-0.573,1.043,2.502,15
1.779,ShoulderRight,0.224,0.995,2.358,15
1.779,ElbowRight,0.459,1.005,2.399,15
1.779,WristRight,0.692,1.047,2.373,15
1.950,ShoulderLeft,-0.137,1.001,2.393,16
1.950,ElbowLeft,-0.363,1.010,2.474,16
1.950,WristLeft,-0.573,1.043,2.501,16
1.950,ShoulderRight,0.224,0.995,2.359,16
1.950,ElbowRight,0.459,1.005,2.400,16
1.950,WristRight,0.683,1.044,2.376,16
2.099,ShoulderLeft,-0.137,1.001,2.393,17
2.099,ElbowLeft,-0.363,1.010,2.473,17
2.099,WristLeft,-0.573,1.043,2.501,17
2.099,ShoulderRight,0.225,0.994,2.360,17
2.099,ElbowRight,0.459,1.004,2.400,17
2.099,WristRight,0.677,1.042,2.378,17
2.173,ShoulderLeft,-0.137,1.000,2.393,18
2.173,ElbowLeft,-0.363,1.010,2.473,18
2.173,WristLeft,-0.573,1.043,2.500,18
2.173,ShoulderRight,0.225,0.994,2.360,18
2.173,ElbowRight,0.459,1.004,2.401,18
2.173,WristRight,0.673,1.040,2.379,18
2.244,ShoulderLeft,-0.137,1.000,2.393,19
2.244,ElbowLeft,-0.363,1.010,2.473,19
2.244,WristLeft,-0.573,1.043,2.499,19
2.244,ShoulderRight,0.225,0.994,2.361,19
2.244,ElbowRight,0.459,1.003,2.402,19
2.244,WristRight,0.671,1.040,2.379,19
2.319,ShoulderLeft,-0.136,1.000,2.393,20
2.319,ElbowLeft,-0.364,1.010,2.473,20
2.319,WristLeft,-0.573,1.043,2.499,20
2.319,ShoulderRight,0.225,0.994,2.361,20
2.319,ElbowRight,0.459,1.003,2.402,20
2.319,WristRight,0.669,1.039,2.380,20
2.396,ShoulderLeft,-0.136,0.999,2.393,21
2.396,ElbowLeft,-0.364,1.010,2.473,21
2.396,WristLeft,-0.573,1.043,2.499,21
2.396,ShoulderRight,0.226,0.993,2.362,21
2.396,ElbowRight,0.459,1.003,2.403,21
2.396,WristRight,0.668,1.039,2.381,21
2.471,ShoulderLeft,-0.136,0.999,2.393,22
2.471,ElbowLeft,-0.364,1.010,2.473,22
2.471,WristLeft,-0.573,1.043,2.498,22
2.471,ShoulderRight,0.226,0.993,2.362,22
2.471,ElbowRight,0.459,1.002,2.403,22
2.471,WristRight,0.689,1.041,2.381,22
2.546,ShoulderLeft,-0.136,0.999,2.393,23
2.546,ElbowLeft,-0.364,1.010,2.473,23
2.546,WristLeft,-0.573,1.043,2.498,23
2.546,ShoulderRight,0.226,0.993,2.362,23
2.546,ElbowRight,0.459,1.002,2.404,23
2.546,WristRight,0.700,1.042,2.382,23
2.619,ShoulderLeft,-0.136,0.999,2.393,24
2.619,ElbowLeft,-0.364,1.010,2.473,24
2.619,WristLeft,-0.573,1.043,2.498,24
2.619,ShoulderRight,0.226,0.993,2.362,24
2.619,ElbowRight,0.459,1.002,2.404,24
2.619,WristRight,0.707,1.042,2.382,24
2.697,ShoulderLeft,-0.135,0.999,2.393,25
2.697,ElbowLeft,-0.364,1.009,2.473,25
2.697,WristLeft,-0.572,1.043,2.497,25
2.697,ShoulderRight,0.226,0.993,2.363,25
2.697,ElbowRight,0.459,1.002,2.405,25
2.697,WristRight,0.711,1.043,2.382,25
2.772,ShoulderLeft,-0.135,0.999,2.394,26
2.772,ElbowLeft,-0.364,1.009,2.473,26
2.772,WristLeft,-0.572,1.043,2.497,26
2.772,ShoulderRight,0.226,0.993,2.363,26
2.772,ElbowRight,0.459,1.001,2.405,26
2.772,WristRight,0.703,1.041,2.381,26
2.848,ShoulderLeft,-0.135,0.999,2.394,27
2.848,ElbowLeft,-0.364,1.009,2.473,27
2.848,WristLeft,-0.572,1.044,2.496,27
2.848,ShoulderRight,0.226,0.993,2.363,27
2.848,ElbowRight,0.459,1.001,2.405,27
2.848,WristRight,0.703,1.041,2.381,27
2.922,ShoulderLeft,-0.135,0.999,2.394,28
2.922,ElbowLeft,-0.364,1.009,2.472,28
2.922,WristLeft,-0.572,1.044,2.496,28
2.922,ShoulderRight,0.226,0.993,2.363,28
2.922,ElbowRight,0.459,1.001,2.406,28
2.922,WristRight,0.704,1.041,2.381,28
2.997,ShoulderLeft,-0.135,0.999,2.394,29
2.997,ElbowLeft,-0.364,1.009,2.472,29
2.997,WristLeft,-0.572,1.044,2.495,29
2.997,ShoulderRight,0.226,0.993,2.363,29
2.997,ElbowRight,0.459,1.001,2.406,29
2.997,WristRight,0.704,1.041,2.381,29
3.071,ShoulderLeft,-0.135,0.999,2.394,30
3.071,ElbowLeft,-0.364,1.009,2.472,30
3.071,WristLeft,-0.572,1.045,2.495,30
3.071,ShoulderRight,0.227,0.993,2.363,30
3.071,ElbowRight,0.459,1.001,2.406,30
3.071,WristRight,0.704,1.041,2.381,30
3.145,ShoulderLeft,-0.135,0.999,2.395,31
3.145,ElbowLeft,-0.364,1.010,2.472,31
3.145,WristLeft,-0.572,1.045,2.494,31
3.145,ShoulderRight,0.227,0.993,2.363,31
3.145,ElbowRight,0.459,1.001,2.406,31
3.145,WristRight,0.688,1.040,2.381,31
3.223,ShoulderLeft,-0.135,0.999,2.395,32
3.223,ElbowLeft,-0.364,1.010,2.472,32
3.223,WristLeft,-0.571,1.046,2.493,32
3.223,ShoulderRight,0.227,0.992,2.363,32
3.223,ElbowRight,0.459,1.001,2.406,32
3.223,WristRight,0.692,1.041,2.380,32
3.297,ShoulderLeft,-0.135,0.999,2.395,33
3.297,ElbowLeft,-0.364,1.010,2.471,33
3.297,WristLeft,-0.571,1.046,2.492,33
3.297,ShoulderRight,0.227,0.992,2.363,33
3.297,ElbowRight,0.459,1.001,2.406,33
3.297,WristRight,0.695,1.042,2.379,33
3.374,ShoulderLeft,-0.135,0.999,2.395,34
3.374,ElbowLeft,-0.364,1.010,2.471,34
3.374,WristLeft,-0.571,1.046,2.492,34
3.374,ShoulderRight,0.227,0.992,2.363,34
3.374,ElbowRight,0.459,1.001,2.406,34
3.374,WristRight,0.686,1.041,2.378,34
3.451,ShoulderLeft,-0.135,0.999,2.395,35
3.451,ElbowLeft,-0.364,1.010,2.471,35
3.451,WristLeft,-0.571,1.047,2.491,35
3.451,ShoulderRight,0.227,0.992,2.363,35
3.451,ElbowRight,0.459,1.001,2.406,35
3.451,WristRight,0.680,1.040,2.377,35
3.529,ShoulderLeft,-0.135,0.999,2.395,36
3.529,ElbowLeft,-0.364,1.010,2.470,36
3.529,WristLeft,-0.571,1.047,2.490,36
3.529,ShoulderRight,0.227,0.992,2.363,36
3.529,ElbowRight,0.459,1.001,2.406,36
3.529,WristRight,0.676,1.040,2.377,36
3.617,ShoulderLeft,-0.135,0.999,2.394,37
3.617,ElbowLeft,-0.363,1.011,2.470,37
3.617,WristLeft,-0.571,1.047,2.489,37
3.617,ShoulderRight,0.227,0.992,2.363,37
3.617,ElbowRight,0.459,1.001,2.406,37
3.617,WristRight,0.673,1.040,2.376,37
3.697,ShoulderLeft,-0.134,0.999,2.394,38
3.697,ElbowLeft,-0.363,1.011,2.469,38
3.697,WristLeft,-0.571,1.047,2.488,38
3.697,ShoulderRight,0.228,0.992,2.363,38
3.697,ElbowRight,0.460,1.001,2.406,38
3.697,WristRight,0.688,1.041,2.373,38
3.775,ShoulderLeft,-0.134,0.999,2.394,39
3.775,ElbowLeft,-0.363,1.011,2.469,39
3.775,WristLeft,-0.571,1.046,2.487,39
3.775,ShoulderRight,0.228,0.992,2.363,39
3.775,ElbowRight,0.460,1.001,2.406,39
3.775,WristRight,0.698,1.042,2.372,39
3.854,ShoulderLeft,-0.134,0.999,2.394,40
3.854,ElbowLeft,-0.363,1.011,2.468,40
3.854,WristLeft,-0.571,1.046,2.487,40
3.854,ShoulderRight,0.228,0.992,2.363,40
3.854,ElbowRight,0.460,1.001,2.406,40
3.854,WristRight,0.691,1.041,2.372,40
3.933,ShoulderLeft,-0.134,0.999,2.394,41
3.933,ElbowLeft,-0.363,1.011,2.468,41
3.933,WristLeft,-0.571,1.046,2.486,41
3.933,ShoulderRight,0.228,0.992,2.362,41
3.933,ElbowRight,0.460,1.001,2.406,41
3.933,WristRight,0.699,1.041,2.370,41
4.009,ShoulderLeft,-0.134,0.999,2.393,42
4.009,ElbowLeft,-0.363,1.011,2.467,42
4.009,WristLeft,-0.571,1.046,2.485,42
4.009,ShoulderRight,0.228,0.992,2.362,42
4.009,ElbowRight,0.460,1.001,2.406,42
4.009,WristRight,0.705,1.041,2.369,42
4.085,ShoulderLeft,-0.134,0.999,2.393,43
4.085,ElbowLeft,-0.363,1.011,2.466,43
4.085,WristLeft,-0.571,1.045,2.484,43
4.085,ShoulderRight,0.228,0.992,2.362,43
4.085,ElbowRight,0.460,1.001,2.406,43
4.085,WristRight,0.709,1.041,2.368,43
4.162,ShoulderLeft,-0.133,0.998,2.392,44
4.162,ElbowLeft,-0.363,1.010,2.466,44
4.162,WristLeft,-0.570,1.044,2.483,44
4.162,ShoulderRight,0.229,0.992,2.362,44
4.162,ElbowRight,0.460,1.001,2.405,44
4.162,WristRight,0.700,1.039,2.367,44
4.238,ShoulderLeft,-0.133,0.998,2.392,45
4.238,ElbowLeft,-0.363,1.010,2.465,45
4.238,WristLeft,-0.571,1.043,2.481,45
4.238,ShoulderRight,0.229,0.992,2.361,45
4.238,ElbowRight,0.460,1.001,2.405,45
4.238,WristRight,0.701,1.039,2.367,45
4.318,ShoulderLeft,-0.133,0.998,2.391,46
4.318,ElbowLeft,-0.363,1.010,2.464,46
4.318,WristLeft,-0.570,1.042,2.480,46
4.318,ShoulderRight,0.229,0.992,2.361,46
4.318,ElbowRight,0.460,1.001,2.404,46
4.318,WristRight,0.701,1.039,2.367,46
4.399,ShoulderLeft,-0.133,0.998,2.391,47
4.399,ElbowLeft,-0.363,1.010,2.463,47
4.399,WristLeft,-0.570,1.041,2.479,47
4.399,ShoulderRight,0.229,0.992,2.361,47
4.399,ElbowRight,0.460,1.001,2.404,47
4.399,WristRight,0.689,1.038,2.367,47
4.477,ShoulderLeft,-0.132,0.998,2.390,48
4.477,ElbowLeft,-0.363,1.009,2.462,48
4.477,WristLeft,-0.571,1.040,2.478,48
4.477,ShoulderRight,0.229,0.992,2.360,48
4.477,ElbowRight,0.461,1.001,2.404,48
4.477,WristRight,0.682,1.038,2.367,48
4.556,ShoulderLeft,-0.132,0.998,2.390,49
4.556,ElbowLeft,-0.363,1.009,2.462,49
4.556,WristLeft,-0.571,1.040,2.477,49
4.556,ShoulderRight,0.230,0.992,2.360,49
4.556,ElbowRight,0.461,1.001,2.403,49
4.556,WristRight,0.677,1.038,2.367,49
4.632,ShoulderLeft,-0.132,0.998,2.390,50
4.632,ElbowLeft,-0.363,1.009,2.461,50
4.632,WristLeft,-0.571,1.039,2.476,50
4.632,ShoulderRight,0.230,0.992,2.360,50
4.632,ElbowRight,0.461,1.001,2.403,50
4.632,WristRight,0.674,1.038,2.367,50
4.706,ShoulderLeft,-0.132,0.998,2.390,51
4.706,ElbowLeft,-0.363,1.009,2.460,51
4.706,WristLeft,-0.571,1.039,2.475,51
4.706,ShoulderRight,0.230,0.992,2.360,51
4.706,ElbowRight,0.461,1.001,2.402,51
4.706,WristRight,0.672,1.038,2.367,51
4.783,ShoulderLeft,-0.132,0.998,2.389,52
4.783,ElbowLeft,-0.363,1.009,2.460,52
4.783,WristLeft,-0.571,1.039,2.474,52
4.783,ShoulderRight,0.230,0.992,2.359,52
4.783,ElbowRight,0.462,1.001,2.401,52
4.783,WristRight,0.670,1.038,2.367,52
4.862,ShoulderLeft,-0.132,0.998,2.389,53
4.862,ElbowLeft,-0.363,1.009,2.459,53
4.862,WristLeft,-0.571,1.038,2.474,53
4.862,ShoulderRight,0.230,0.992,2.359,53
4.862,ElbowRight,0.462,1.001,2.401,53
4.862,WristRight,0.669,1.038,2.367,53
4.939,ShoulderLeft,-0.132,0.998,2.389,54
4.939,ElbowLeft,-0.363,1.008,2.459,54
4.939,WristLeft,-0.571,1.038,2.473,54
4.939,ShoulderRight,0.230,0.993,2.359,54
4.939,ElbowRight,0.462,1.001,2.400,54
4.939,WristRight,0.668,1.037,2.366,54
5.016,ShoulderLeft,-0.132,0.998,2.389,55
5.016,ElbowLeft,-0.363,1.008,2.458,55
5.016,WristLeft,-0.571,1.038,2.472,55
5.016,ShoulderRight,0.231,0.993,2.358,55
5.016,ElbowRight,0.462,1.001,2.399,55
5.016,WristRight,0.668,1.037,2.366,55
5.094,ShoulderLeft,-0.132,0.998,2.389,56
5.094,ElbowLeft,-0.363,1.008,2.458,56
5.094,WristLeft,-0.572,1.037,2.472,56
5.094,ShoulderRight,0.231,0.993,2.358,56
5.094,ElbowRight,0.462,1.001,2.398,56
5.094,WristRight,0.668,1.037,2.366,56
5.173,ShoulderLeft,-0.132,0.998,2.388,57
5.173,ElbowLeft,-0.364,1.008,2.457,57
5.173,WristLeft,-0.572,1.037,2.471,57
5.173,ShoulderRight,0.231,0.993,2.357,57
5.173,ElbowRight,0.463,1.001,2.398,57
5.173,WristRight,0.668,1.037,2.365,57
5.250,ShoulderLeft,-0.132,0.998,2.387,58
5.250,ElbowLeft,-0.364,1.008,2.456,58
5.250,WristLeft,-0.577,1.034,2.468,58
5.250,ShoulderRight,0.231,0.993,2.357,58
5.250,ElbowRight,0.463,1.001,2.397,58
5.250,WristRight,0.668,1.037,2.365,58
5.332,ShoulderLeft,-0.132,0.998,2.386,59
5.332,ElbowLeft,-0.364,1.007,2.456,59
5.332,WristLeft,-0.582,1.033,2.465,59
5.332,ShoulderRight,0.231,0.993,2.356,59
5.332,ElbowRight,0.463,1.001,2.396,59
5.332,WristRight,0.668,1.037,2.363,59
5.424,ShoulderLeft,-0.132,0.998,2.385,60
5.424,ElbowLeft,-0.364,1.007,2.454,60
5.424,WristLeft,-0.585,1.031,2.463,60
5.424,ShoulderRight,0.231,0.993,2.355,60
5.424,ElbowRight,0.463,1.001,2.395,60
5.424,WristRight,0.668,1.038,2.362,60
5.506,ShoulderLeft,-0.133,0.998,2.384,61
5.506,ElbowLeft,-0.364,1.007,2.453,61
5.506,WristLeft,-0.588,1.030,2.462,61
5.506,ShoulderRight,0.232,0.993,2.355,61
5.506,ElbowRight,0.463,1.001,2.394,61
5.506,WristRight,0.669,1.038,2.361,61
5.582,ShoulderLeft,-0.133,0.998,2.383,62
5.582,ElbowLeft,-0.365,1.007,2.452,62
5.582,WristLeft,-0.590,1.030,2.460,62
5.582,ShoulderRight,0.232,0.994,2.354,62
5.582,ElbowRight,0.463,1.001,2.392,62
5.582,WristRight,0.669,1.038,2.359,62
5.662,ShoulderLeft,-0.133,0.998,2.382,63
5.662,ElbowLeft,-0.365,1.007,2.450,63
5.662,WristLeft,-0.591,1.030,2.458,63
5.662,ShoulderRight,0.232,0.994,2.352,63
5.662,ElbowRight,0.464,1.001,2.391,63
5.662,WristRight,0.669,1.038,2.358,63
5.738,ShoulderLeft,-0.133,0.998,2.380,64
5.738,ElbowLeft,-0.365,1.007,2.449,64
5.738,WristLeft,-0.592,1.030,2.456,64
5.738,ShoulderRight,0.232,0.994,2.351,64
5.738,ElbowRight,0.464,1.001,2.389,64
5.738,WristRight,0.670,1.038,2.356,64
5.819,ShoulderLeft,-0.132,0.999,2.378,65
5.819,ElbowLeft,-0.365,1.007,2.447,65
5.819,WristLeft,-0.589,1.032,2.452,65
5.819,ShoulderRight,0.232,0.995,2.350,65
5.819,ElbowRight,0.464,1.001,2.388,65
5.819,WristRight,0.670,1.037,2.354,65
5.897,ShoulderLeft,-0.132,0.999,2.376,66
5.897,ElbowLeft,-0.366,1.007,2.445,66
5.897,WristLeft,-0.585,1.033,2.446,66
5.897,ShoulderRight,0.233,0.995,2.348,66
5.897,ElbowRight,0.464,1.001,2.386,66
5.897,WristRight,0.695,1.037,2.340,66
5.972,ShoulderLeft,-0.131,0.999,2.373,67
5.972,ElbowLeft,-0.366,1.008,2.443,67
5.972,WristLeft,-0.582,1.035,2.442,67
5.972,ShoulderRight,0.233,0.995,2.347,67
5.972,ElbowRight,0.464,1.001,2.385,67
5.972,WristRight,0.698,1.037,2.337,67
6.049,ShoulderLeft,-0.131,0.999,2.371,68
6.049,ElbowLeft,-0.366,1.008,2.440,68
6.049,WristLeft,-0.580,1.036,2.440,68
6.049,ShoulderRight,0.233,0.996,2.346,68
6.049,ElbowRight,0.464,1.001,2.384,68
6.049,WristRight,0.694,1.037,2.336,68
6.128,ShoulderLeft,-0.131,1.000,2.370,69
6.128,ElbowLeft,-0.366,1.009,2.438,69
6.128,WristLeft,-0.579,1.037,2.438,69
6.128,ShoulderRight,0.233,0.996,2.345,69
6.128,ElbowRight,0.464,1.001,2.383,69
6.128,WristRight,0.690,1.037,2.336,69
6.206,ShoulderLeft,-0.130,1.000,2.368,70
6.206,ElbowLeft,-0.366,1.009,2.437,70
6.206,WristLeft,-0.578,1.038,2.436,70
6.206,ShoulderRight,0.233,0.996,2.344,70
6.206,ElbowRight,0.465,1.001,2.382,70
6.206,WristRight,0.685,1.037,2.337,70
6.283,ShoulderLeft,-0.130,1.000,2.367,71
6.283,ElbowLeft,-0.366,1.010,2.435,71
6.283,WristLeft,-0.577,1.038,2.436,71
6.283,ShoulderRight,0.233,0.996,2.343,71
6.283,ElbowRight,0.465,1.001,2.381,71
6.283,WristRight,0.682,1.037,2.338,71
6.359,ShoulderLeft,-0.130,1.000,2.366,72
6.359,ElbowLeft,-0.366,1.010,2.434,72
6.359,WristLeft,-0.576,1.039,2.435,72
6.359,ShoulderRight,0.234,0.996,2.343,72
6.359,ElbowRight,0.465,1.001,2.381,72
6.359,WristRight,0.678,1.037,2.340,72
6.435,ShoulderLeft,-0.130,1.000,2.366,73
6.435,ElbowLeft,-0.366,1.010,2.434,73
6.435,WristLeft,-0.576,1.039,2.435,73
6.435,ShoulderRight,0.234,0.997,2.343,73
6.435,ElbowRight,0.465,1.001,2.380,73
6.435,WristRight,0.676,1.037,2.342,73
6.511,ShoulderLeft,-0.130,1.000,2.366,74
6.511,ElbowLeft,-0.366,1.011,2.433,74
6.511,WristLeft,-0.576,1.039,2.435,74
6.511,ShoulderRight,0.234,0.997,2.342,74
6.511,ElbowRight,0.465,1.001,2.380,74
6.511,WristRight,0.674,1.036,2.344,74
6.591,ShoulderLeft,-0.130,1.000,2.365,75
6.591,ElbowLeft,-0.366,1.011,2.433,75
6.591,WristLeft,-0.575,1.039,2.436,75
6.591,ShoulderRight,0.234,0.997,2.342,75
6.591,ElbowRight,0.465,1.001,2.380,75
6.591,WristRight,0.672,1.036,2.345,75
6.669,ShoulderLeft,-0.130,1.001,2.365,76
6.669,ElbowLeft,-0.367,1.011,2.433,76
6.669,WristLeft,-0.576,1.039,2.438,76
6.669,ShoulderRight,0.234,0.997,2.342,76
6.669,ElbowRight,0.465,1.001,2.380,76
6.669,WristRight,0.671,1.036,2.347,76
6.748,ShoulderLeft,-0.130,1.001,2.366,77
6.748,ElbowLeft,-0.367,1.011,2.433,77
6.748,WristLeft,-0.579,1.038,2.440,77
6.748,ShoulderRight,0.234,0.997,2.342,77
6.748,ElbowRight,0.464,1.001,2.380,77
6.748,WristRight,0.670,1.036,2.348,77
6.827,ShoulderLeft,-0.130,1.000,2.366,78
6.827,ElbowLeft,-0.367,1.011,2.433,78
6.827,WristLeft,-0.582,1.037,2.443,78
6.827,ShoulderRight,0.234,0.996,2.343,78
6.827,ElbowRight,0.464,1.001,2.380,78
6.827,WristRight,0.670,1.035,2.350,78
6.905,ShoulderLeft,-0.130,1.000,2.366,79
6.905,ElbowLeft,-0.367,1.011,2.433,79
6.905,WristLeft,-0.584,1.037,2.444,79
6.905,ShoulderRight,0.233,0.996,2.343,79
6.905,ElbowRight,0.464,1.001,2.381,79
6.905,WristRight,0.669,1.035,2.350,79
6.982,ShoulderLeft,-0.130,1.000,2.368,80
6.982,ElbowLeft,-0.367,1.010,2.434,80
6.982,WristLeft,-0.586,1.036,2.446,80
6.982,ShoulderRight,0.233,0.996,2.344,80
6.982,ElbowRight,0.464,1.001,2.381,80
6.982,WristRight,0.669,1.035,2.351,80
7.058,ShoulderLeft,-0.130,1.000,2.369,81
7.058,ElbowLeft,-0.367,1.010,2.436,81
7.058,WristLeft,-0.588,1.035,2.448,81
7.058,ShoulderRight,0.233,0.996,2.346,81
7.058,ElbowRight,0.464,1.001,2.382,81
7.058,WristRight,0.669,1.035,2.353,81
7.144,ShoulderLeft,-0.131,0.999,2.372,82
7.144,ElbowLeft,-0.366,1.009,2.437,82
7.144,WristLeft,-0.589,1.034,2.449,82
7.144,ShoulderRight,0.233,0.995,2.347,82
7.144,ElbowRight,0.464,1.001,2.384,82
7.144,WristRight,0.670,1.035,2.354,82
7.223,ShoulderLeft,-0.131,0.999,2.374,83
7.223,ElbowLeft,-0.366,1.009,2.439,83
7.223,WristLeft,-0.585,1.032,2.455,83
7.223,ShoulderRight,0.233,0.995,2.349,83
7.223,ElbowRight,0.465,1.001,2.385,83
7.223,WristRight,0.670,1.035,2.356,83
7.300,ShoulderLeft,-0.131,0.998,2.377,84
7.300,ElbowLeft,-0.366,1.008,2.441,84
7.300,WristLeft,-0.581,1.031,2.460,84
7.300,ShoulderRight,0.233,0.994,2.351,84
7.300,ElbowRight,0.465,1.000,2.387,84
7.300,WristRight,0.671,1.035,2.357,84
7.382,ShoulderLeft,-0.130,0.998,2.378,85
7.382,ElbowLeft,-0.365,1.007,2.443,85
7.382,WristLeft,-0.577,1.031,2.464,85
7.382,ShoulderRight,0.233,0.994,2.352,85
7.382,ElbowRight,0.466,1.000,2.388,85
7.382,WristRight,0.671,1.034,2.358,85
7.461,ShoulderLeft,-0.130,0.997,2.380,86
7.461,ElbowLeft,-0.365,1.007,2.445,86
7.461,WristLeft,-0.575,1.030,2.467,86
7.461,ShoulderRight,0.234,0.993,2.354,86
7.461,ElbowRight,0.466,1.000,2.390,86
7.461,WristRight,0.672,1.034,2.359,86
7.540,ShoulderLeft,-0.130,0.997,2.381,87
7.540,ElbowLeft,-0.364,1.006,2.447,87
7.540,WristLeft,-0.573,1.030,2.469,87
7.540,ShoulderRight,0.234,0.993,2.356,87
7.540,ElbowRight,0.467,0.999,2.391,87
7.540,WristRight,0.672,1.034,2.360,87
7.617,ShoulderLeft,-0.130,0.997,2.383,88
7.617,ElbowLeft,-0.364,1.006,2.449,88
7.617,WristLeft,-0.572,1.030,2.470,88
7.617,ShoulderRight,0.234,0.992,2.357,88
7.617,ElbowRight,0.467,0.999,2.393,88
7.617,WristRight,0.673,1.033,2.361,88
7.694,ShoulderLeft,-0.130,0.996,2.384,89
7.694,ElbowLeft,-0.363,1.005,2.450,89
7.694,WristLeft,-0.571,1.030,2.471,89
7.694,ShoulderRight,0.234,0.992,2.359,89
7.694,ElbowRight,0.468,0.998,2.394,89
7.694,WristRight,0.673,1.033,2.362,89
7.772,ShoulderLeft,-0.130,0.996,2.385,90
7.772,ElbowLeft,-0.363,1.005,2.451,90
7.772,WristLeft,-0.570,1.030,2.472,90
7.772,ShoulderRight,0.234,0.991,2.360,90
7.772,ElbowRight,0.468,0.998,2.395,90
7.772,WristRight,0.674,1.032,2.363,90
7.850,ShoulderLeft,-0.130,0.996,2.386,91
7.850,ElbowLeft,-0.363,1.005,2.452,91
7.850,WristLeft,-0.570,1.030,2.472,91
7.850,ShoulderRight,0.234,0.991,2.361,91
7.850,ElbowRight,0.468,0.997,2.396,91
7.850,WristRight,0.674,1.032,2.363,91
7.927,ShoulderLeft,-0.130,0.996,2.386,92
7.927,ElbowLeft,-0.363,1.005,2.452,92
7.927,WristLeft,-0.569,1.030,2.473,92
7.927,ShoulderRight,0.234,0.991,2.361,92
7.927,ElbowRight,0.468,0.996,2.397,92
7.927,WristRight,0.674,1.031,2.364,92
8.007,ShoulderLeft,-0.130,0.995,2.387,93
8.007,ElbowLeft,-0.362,1.005,2.453,93
8.007,WristLeft,-0.569,1.030,2.473,93
8.007,ShoulderRight,0.235,0.991,2.362,93
8.007,ElbowRight,0.468,0.996,2.398,93
8.007,WristRight,0.674,1.031,2.364,93
8.085,ShoulderLeft,-0.130,0.995,2.387,94
8.085,ElbowLeft,-0.362,1.004,2.453,94
8.085,WristLeft,-0.569,1.030,2.473,94
8.085,ShoulderRight,0.235,0.990,2.363,94
8.085,ElbowRight,0.468,0.995,2.398,94
8.085,WristRight,0.674,1.030,2.365,94
8.166,ShoulderLeft,-0.130,0.995,2.388,95
8.166,ElbowLeft,-0.362,1.004,2.454,95
8.166,WristLeft,-0.569,1.030,2.472,95
8.166,ShoulderRight,0.235,0.990,2.363,95
8.166,ElbowRight,0.468,0.994,2.399,95
8.166,WristRight,0.674,1.030,2.365,95
8.246,ShoulderLeft,-0.130,0.995,2.388,96
8.246,ElbowLeft,-0.362,1.004,2.454,96
8.246,WristLeft,-0.569,1.030,2.472,96
8.246,ShoulderRight,0.235,0.990,2.363,96
8.246,ElbowRight,0.468,0.994,2.399,96
8.246,WristRight,0.674,1.029,2.366,96
8.327,ShoulderLeft,-0.130,0.995,2.388,97
8.327,ElbowLeft,-0.362,1.004,2.454,97
8.327,WristLeft,-0.569,1.030,2.472,97
8.327,ShoulderRight,0.235,0.990,2.364,97
8.327,ElbowRight,0.468,0.994,2.400,97
8.327,WristRight,0.674,1.029,2.366,97
8.410,ShoulderLeft,-0.130,0.994,2.388,98
8.410,ElbowLeft,-0.362,1.004,2.454,98
8.410,WristLeft,-0.569,1.030,2.472,98
8.410,ShoulderRight,0.235,0.990,2.364,98
8.410,ElbowRight,0.468,0.993,2.400,98
8.410,WristRight,0.674,1.028,2.366,98
8.491,ShoulderLeft,-0.130,0.994,2.388,99
8.491,ElbowLeft,-0.362,1.004,2.455,99
8.491,WristLeft,-0.569,1.030,2.471,99
8.491,ShoulderRight,0.235,0.990,2.364,99
8.491,ElbowRight,0.468,0.993,2.400,99
8.491,WristRight,0.674,1.028,2.366,99
8.572,ShoulderLeft,-0.129,0.994,2.389,100
8.572,ElbowLeft,-0.362,1.004,2.455,100
8.572,WristLeft,-0.569,1.029,2.471,100
8.572,ShoulderRight,0.235,0.990,2.364,100
8.572,ElbowRight,0.467,0.993,2.400,100
8.572,WristRight,0.673,1.027,2.366,100
8.653,ShoulderLeft,-0.129,0.994,2.389,101
8.653,ElbowLeft,-0.362,1.004,2.455,101
8.653,WristLeft,-0.569,1.029,2.471,101
8.653,ShoulderRight,0.235,0.990,2.364,101
8.653,ElbowRight,0.467,0.992,2.401,101
8.653,WristRight,0.673,1.027,2.367,101
8.732,ShoulderLeft,-0.129,0.994,2.389,102
8.732,ElbowLeft,-0.362,1.004,2.455,102
8.732,WristLeft,-0.569,1.029,2.471,102
8.732,ShoulderRight,0.235,0.990,2.364,102
8.732,ElbowRight,0.467,0.992,2.401,102
8.732,WristRight,0.673,1.027,2.367,102
8.808,ShoulderLeft,-0.129,0.994,2.389,103
8.808,ElbowLeft,-0.362,1.004,2.455,103
8.808,WristLeft,-0.569,1.029,2.471,103
8.808,ShoulderRight,0.235,0.990,2.365,103
8.808,ElbowRight,0.467,0.992,2.401,103
8.808,WristRight,0.673,1.027,2.367,103
8.886,ShoulderLeft,-0.129,0.994,2.389,104
8.886,ElbowLeft,-0.362,1.004,2.455,104
8.886,WristLeft,-0.569,1.029,2.471,104
8.886,ShoulderRight,0.235,0.990,2.365,104
8.886,ElbowRight,0.467,0.992,2.401,104
8.886,WristRight,0.673,1.026,2.367,104
8.973,ShoulderLeft,-0.129,0.994,2.389,105
8.973,ElbowLeft,-0.362,1.004,2.455,105
8.973,WristLeft,-0.569,1.029,2.471,105
8.973,ShoulderRight,0.235,0.990,2.365,105
8.973,ElbowRight,0.467,0.992,2.401,105
8.973,WristRight,0.673,1.026,2.367,105
9.052,ShoulderLeft,-0.129,0.994,2.389,106
9.052,ElbowLeft,-0.362,1.004,2.455,106
9.052,WristLeft,-0.569,1.030,2.471,106
9.052,ShoulderRight,0.235,0.990,2.365,106
9.052,ElbowRight,0.467,0.992,2.401,106
9.052,WristRight,0.673,1.026,2.367,106
9.131,ShoulderLeft,-0.129,0.994,2.389,107
9.131,ElbowLeft,-0.362,1.004,2.455,107
9.131,WristLeft,-0.569,1.030,2.471,107
9.131,ShoulderRight,0.235,0.990,2.365,107
9.131,ElbowRight,0.467,0.992,2.401,107
9.131,WristRight,0.673,1.026,2.367,107
9.208,ShoulderLeft,-0.129,0.994,2.389,108
9.208,ElbowLeft,-0.362,1.004,2.455,108
9.208,WristLeft,-0.569,1.030,2.470,108
9.208,ShoulderRight,0.235,0.990,2.365,108
9.208,ElbowRight,0.467,0.992,2.401,108
9.208,WristRight,0.673,1.026,2.367,108
9.281,ShoulderLeft,-0.129,0.994,2.389,109
9.281,ElbowLeft,-0.362,1.004,2.455,109
9.281,WristLeft,-0.569,1.030,2.470,109
9.281,ShoulderRight,0.235,0.990,2.365,109
9.281,ElbowRight,0.467,0.992,2.401,109
9.281,WristRight,0.673,1.026,2.367,109
9.358,ShoulderLeft,-0.129,0.994,2.389,110
9.358,ElbowLeft,-0.362,1.004,2.455,110
9.358,WristLeft,-0.569,1.031,2.470,110
9.358,ShoulderRight,0.235,0.990,2.365,110
9.358,ElbowRight,0.467,0.992,2.401,110
9.358,WristRight,0.673,1.026,2.367,110
9.440,ShoulderLeft,-0.129,0.994,2.389,111
9.440,ElbowLeft,-0.362,1.004,2.455,111
9.440,WristLeft,-0.569,1.031,2.469,111
9.440,ShoulderRight,0.235,0.990,2.365,111
9.440,ElbowRight,0.467,0.992,2.401,111
9.440,WristRight,0.673,1.026,2.367,111
9.521,ShoulderLeft,-0.129,0.994,2.389,112
9.521,ElbowLeft,-0.362,1.004,2.455,112
9.521,WristLeft,-0.569,1.031,2.469,112
9.521,ShoulderRight,0.235,0.990,2.365,112
9.521,ElbowRight,0.467,0.992,2.401,112
9.521,WristRight,0.673,1.026,2.367,112
9.598,ShoulderLeft,-0.129,0.994,2.389,113
9.598,ElbowLeft,-0.362,1.004,2.455,113
9.598,WristLeft,-0.569,1.031,2.469,113
9.598,ShoulderRight,0.235,0.990,2.365,113
9.598,ElbowRight,0.467,0.991,2.401,113
9.598,WristRight,0.673,1.026,2.367,113
9.677,ShoulderLeft,-0.129,0.994,2.389,114
9.677,ElbowLeft,-0.362,1.004,2.455,114
9.677,WristLeft,-0.569,1.031,2.468,114
9.677,ShoulderRight,0.235,0.990,2.365,114
9.677,ElbowRight,0.467,0.991,2.401,114
9.677,WristRight,0.673,1.025,2.367,114
9.756,ShoulderLeft,-0.129,0.994,2.389,115
9.756,ElbowLeft,-0.362,1.004,2.455,115
9.756,WristLeft,-0.569,1.031,2.468,115
9.756,ShoulderRight,0.235,0.990,2.364,115
9.756,ElbowRight,0.467,0.991,2.401,115
9.756,WristRight,0.673,1.025,2.366,115
9.832,ShoulderLeft,-0.129,0.994,2.389,116
9.832,ElbowLeft,-0.362,1.004,2.455,116
9.832,WristLeft,-0.569,1.031,2.468,116
9.832,ShoulderRight,0.235,0.990,2.364,116
9.832,ElbowRight,0.467,0.991,2.401,116
9.832,WristRight,0.673,1.025,2.366,116
9.910,ShoulderLeft,-0.129,0.994,2.390,117
9.910,ElbowLeft,-0.362,1.004,2.455,117
9.910,WristLeft,-0.569,1.031,2.468,117
9.910,ShoulderRight,0.235,0.990,2.364,117
9.910,ElbowRight,0.467,0.991,2.401,117
9.910,WristRight,0.673,1.025,2.366,117
9.990,ShoulderLeft,-0.129,0.994,2.390,118
9.990,ElbowLeft,-0.362,1.004,2.456,118
9.990,WristLeft,-0.569,1.031,2.468,118
9.990,ShoulderRight,0.235,0.989,2.364,118
9.990,ElbowRight,0.467,0.991,2.401,118
9.990,WristRight,0.673,1.024,2.366,118
10.069,ShoulderLeft,-0.129,0.994,2.390,119
10.069,ElbowLeft,-0.362,1.004,2.456,119
10.069,WristLeft,-0.569,1.031,2.468,119
10.069,ShoulderRight,0.235,0.989,2.364,119
10.069,ElbowRight,0.467,0.991,2.401,119
10.069,WristRight,0.672,1.024,2.366,119
10.148,ShoulderLeft,-0.129,0.994,2.390,120
10.148,ElbowLeft,-0.362,1.004,2.456,120
10.148,WristLeft,-0.569,1.031,2.468,120
10.148,ShoulderRight,0.235,0.989,2.364,120
10.148,ElbowRight,0.467,0.991,2.401,120
10.148,WristRight,0.672,1.024,2.366,120
10.231,ShoulderLeft,-0.130,0.994,2.391,121
10.231,ElbowLeft,-0.362,1.004,2.456,121
10.231,WristLeft,-0.569,1.031,2.468,121
10.231,ShoulderRight,0.235,0.989,2.364,121
10.231,ElbowRight,0.467,0.991,2.401,121
10.231,WristRight,0.672,1.024,2.366,121
10.312,ShoulderLeft,-0.130,0.994,2.391,122
10.312,ElbowLeft,-0.362,1.004,2.457,122
10.312,WristLeft,-0.568,1.031,2.469,122
10.312,ShoulderRight,0.235,0.989,2.364,122
10.312,ElbowRight,0.467,0.991,2.401,122
10.312,WristRight,0.672,1.024,2.365,122
10.396,ShoulderLeft,-0.130,0.994,2.392,123
10.396,ElbowLeft,-0.362,1.003,2.457,123
10.396,WristLeft,-0.568,1.031,2.470,123
10.396,ShoulderRight,0.235,0.989,2.364,123
10.396,ElbowRight,0.467,0.991,2.401,123
10.396,WristRight,0.672,1.024,2.365,123
10.479,ShoulderLeft,-0.131,0.994,2.393,124
10.479,ElbowLeft,-0.362,1.003,2.458,124
10.479,WristLeft,-0.568,1.032,2.471,124
10.479,ShoulderRight,0.235,0.989,2.364,124
10.479,ElbowRight,0.467,0.991,2.401,124
10.479,WristRight,0.672,1.024,2.365,124
10.559,ShoulderLeft,-0.131,0.994,2.394,125
10.559,ElbowLeft,-0.361,1.003,2.459,125
10.559,WristLeft,-0.568,1.032,2.472,125
10.559,ShoulderRight,0.235,0.989,2.364,125
10.559,ElbowRight,0.466,0.991,2.400,125
10.559,WristRight,0.672,1.024,2.365,125
10.638,ShoulderLeft,-0.131,0.994,2.394,126
10.638,ElbowLeft,-0.361,1.003,2.459,126
10.638,WristLeft,-0.567,1.032,2.473,126
10.638,ShoulderRight,0.235,0.989,2.364,126
10.638,ElbowRight,0.466,0.991,2.400,126
10.638,WristRight,0.672,1.024,2.365,126
10.716,ShoulderLeft,-0.131,0.994,2.395,127
10.716,ElbowLeft,-0.361,1.003,2.460,127
10.716,WristLeft,-0.567,1.032,2.473,127
10.716,ShoulderRight,0.235,0.989,2.364,127
10.716,ElbowRight,0.466,0.990,2.400,127
10.716,WristRight,0.672,1.024,2.365,127
10.806,ShoulderLeft,-0.132,0.994,2.395,128
10.806,ElbowLeft,-0.361,1.003,2.460,128
10.806,WristLeft,-0.567,1.032,2.474,128
10.806,ShoulderRight,0.235,0.989,2.365,128
10.806,ElbowRight,0.466,0.990,2.400,128
10.806,WristRight,0.672,1.023,2.365,128
10.887,ShoulderLeft,-0.132,0.994,2.395,129
10.887,ElbowLeft,-0.361,1.003,2.461,129
10.887,WristLeft,-0.567,1.031,2.474,129
10.887,ShoulderRight,0.235,0.989,2.365,129
10.887,ElbowRight,0.466,0.990,2.400,129
10.887,WristRight,0.672,1.023,2.365,129
10.962,ShoulderLeft,-0.132,0.994,2.396,130
10.962,ElbowLeft,-0.361,1.003,2.461,130
10.962,WristLeft,-0.567,1.031,2.474,130
10.962,ShoulderRight,0.235,0.989,2.365,130
10.962,ElbowRight,0.466,0.990,2.400,130
10.962,WristRight,0.672,1.023,2.365,130
11.040,ShoulderLeft,-0.132,0.994,2.396,131
11.040,ElbowLeft,-0.361,1.003,2.461,131
11.040,WristLeft,-0.567,1.031,2.475,131
11.040,ShoulderRight,0.235,0.989,2.365,131
11.040,ElbowRight,0.466,0.990,2.400,131
11.040,WristRight,0.672,1.023,2.365,131
11.119,ShoulderLeft,-0.132,0.994,2.396,132
11.119,ElbowLeft,-0.361,1.003,2.461,132
11.119,WristLeft,-0.567,1.031,2.475,132
11.119,ShoulderRight,0.234,0.989,2.365,132
11.119,ElbowRight,0.466,0.990,2.400,132
11.119,WristRight,0.672,1.023,2.365,132
11.196,ShoulderLeft,-0.132,0.994,2.396,133
11.196,ElbowLeft,-0.361,1.003,2.461,133
11.196,WristLeft,-0.567,1.031,2.475,133
11.196,ShoulderRight,0.234,0.989,2.365,133
11.196,ElbowRight,0.466,0.990,2.400,133
11.196,WristRight,0.672,1.023,2.365,133
11.272,ShoulderLeft,-0.132,0.994,2.396,134
11.272,ElbowLeft,-0.361,1.003,2.462,134
11.272,WristLeft,-0.567,1.031,2.475,134
11.272,ShoulderRight,0.234,0.988,2.365,134
11.272,ElbowRight,0.466,0.990,2.400,134
11.272,WristRight,0.671,1.023,2.365,134
11.348,ShoulderLeft,-0.132,0.994,2.396,135
11.348,ElbowLeft,-0.361,1.003,2.462,135
11.348,WristLeft,-0.568,1.031,2.474,135
11.348,ShoulderRight,0.234,0.988,2.365,135
11.348,ElbowRight,0.466,0.990,2.400,135
11.348,WristRight,0.671,1.023,2.365,135
11.424,ShoulderLeft,-0.132,0.994,2.396,136
11.424,ElbowLeft,-0.361,1.003,2.462,136
11.424,WristLeft,-0.568,1.030,2.474,136
11.424,ShoulderRight,0.234,0.988,2.365,136
11.424,ElbowRight,0.466,0.990,2.400,136
11.424,WristRight,0.671,1.023,2.365,136
11.503,ShoulderLeft,-0.132,0.994,2.396,137
11.503,ElbowLeft,-0.362,1.003,2.462,137
11.503,WristLeft,-0.568,1.030,2.473,137
11.503,ShoulderRight,0.234,0.988,2.365,137
11.503,ElbowRight,0.466,0.990,2.400,137
11.503,WristRight,0.671,1.023,2.365,137
11.582,ShoulderLeft,-0.132,0.994,2.396,138
11.582,ElbowLeft,-0.362,1.003,2.462,138
11.582,WristLeft,-0.569,1.030,2.473,138
11.582,ShoulderRight,0.234,0.988,2.365,138
11.582,ElbowRight,0.466,0.990,2.400,138
11.582,WristRight,0.671,1.023,2.365,138
11.661,ShoulderLeft,-0.132,0.994,2.396,139
11.661,ElbowLeft,-0.362,1.003,2.462,139
11.661,WristLeft,-0.569,1.030,2.472,139
11.661,ShoulderRight,0.234,0.988,2.365,139
11.661,ElbowRight,0.466,0.990,2.400,139
11.661,WristRight,0.671,1.023,2.365,139
11.738,ShoulderLeft,-0.132,0.993,2.396,140
11.738,ElbowLeft,-0.362,1.003,2.462,140
11.738,WristLeft,-0.569,1.029,2.471,140
11.738,ShoulderRight,0.234,0.988,2.366,140
11.738,ElbowRight,0.466,0.990,2.400,140
11.738,WristRight,0.671,1.023,2.365,140
11.815,ShoulderLeft,-0.132,0.993,2.396,141
11.815,ElbowLeft,-0.362,1.003,2.462,141
11.815,WristLeft,-0.572,1.028,2.469,141
11.815,ShoulderRight,0.234,0.988,2.366,141
11.815,ElbowRight,0.466,0.990,2.400,141
11.815,WristRight,0.671,1.022,2.365,141
11.897,ShoulderLeft,-0.132,0.993,2.396,142
11.897,ElbowLeft,-0.362,1.003,2.462,142
11.897,WristLeft,-0.572,1.028,2.468,142
11.897,ShoulderRight,0.234,0.988,2.366,142
11.897,ElbowRight,0.466,0.990,2.400,142
11.897,WristRight,0.671,1.022,2.365,142
11.977,ShoulderLeft,-0.132,0.993,2.396,143
11.977,ElbowLeft,-0.362,1.003,2.461,143
11.977,WristLeft,-0.575,1.027,2.466,143
11.977,ShoulderRight,0.234,0.988,2.366,143
11.977,ElbowRight,0.466,0.989,2.400,143
11.977,WristRight,0.671,1.022,2.365,143
12.058,ShoulderLeft,-0.132,0.993,2.396,144
12.058,ElbowLeft,-0.362,1.003,2.461,144
12.058,WristLeft,-0.575,1.027,2.465,144
12.058,ShoulderRight,0.234,0.988,2.366,144
12.058,ElbowRight,0.466,0.989,2.400,144
12.058,WristRight,0.671,1.021,2.364,144
12.139,ShoulderLeft,-0.132,0.993,2.395,145
12.139,ElbowLeft,-0.363,1.003,2.461,145
12.139,WristLeft,-0.575,1.027,2.464,145
12.139,ShoulderRight,0.234,0.988,2.366,145
12.139,ElbowRight,0.466,0.989,2.400,145
12.139,WristRight,0.671,1.021,2.364,145
12.224,ShoulderLeft,-0.132,0.993,2.395,146
12.224,ElbowLeft,-0.363,1.003,2.461,146
12.224,WristLeft,-0.577,1.027,2.462,146
12.224,ShoulderRight,0.234,0.988,2.366,146
12.224,ElbowRight,0.465,0.989,2.400,146
12.224,WristRight,0.671,1.021,2.363,146
12.304,ShoulderLeft,-0.132,0.993,2.395,147
12.304,ElbowLeft,-0.363,1.003,2.460,147
12.304,WristLeft,-0.579,1.027,2.461,147
12.304,ShoulderRight,0.234,0.988,2.365,147
12.304,ElbowRight,0.465,0.989,2.399,147
12.304,WristRight,0.670,1.020,2.362,147
12.381,ShoulderLeft,-0.132,0.992,2.395,148
12.381,ElbowLeft,-0.363,1.003,2.460,148
12.381,WristLeft,-0.581,1.027,2.459,148
12.381,ShoulderRight,0.234,0.988,2.365,148
12.381,ElbowRight,0.465,0.989,2.399,148
12.381,WristRight,0.670,1.020,2.361,148
12.463,ShoulderLeft,-0.131,0.992,2.395,149
12.463,ElbowLeft,-0.363,1.003,2.459,149
12.463,WristLeft,-0.584,1.028,2.456,149
12.463,ShoulderRight,0.234,0.988,2.365,149
12.463,ElbowRight,0.465,0.989,2.399,149
12.463,WristRight,0.670,1.020,2.360,149
12.550,ShoulderLeft,-0.131,0.992,2.394,150
12.550,ElbowLeft,-0.363,1.003,2.458,150
12.550,WristLeft,-0.582,1.030,2.451,150
12.550,ShoulderRight,0.234,0.988,2.365,150
12.550,ElbowRight,0.465,0.989,2.399,150
12.550,WristRight,0.670,1.020,2.358,150
12.631,ShoulderLeft,-0.131,0.992,2.394,151
12.631,ElbowLeft,-0.364,1.003,2.457,151
12.631,WristLeft,-0.580,1.031,2.446,151
12.631,ShoulderRight,0.234,0.988,2.365,151
12.631,ElbowRight,0.465,0.989,2.398,151
12.631,WristRight,0.670,1.020,2.356,151
12.712,ShoulderLeft,-0.131,0.992,2.394,152
12.712,ElbowLeft,-0.364,1.003,2.456,152
12.712,WristLeft,-0.578,1.034,2.439,152
12.712,ShoulderRight,0.234,0.987,2.365,152
12.712,ElbowRight,0.465,0.989,2.398,152
12.712,WristRight,0.669,1.021,2.353,152
12.790,ShoulderLeft,-0.131,0.992,2.394,153
12.790,ElbowLeft,-0.365,1.003,2.455,153
12.790,WristLeft,-0.577,1.036,2.433,153
12.790,ShoulderRight,0.234,0.987,2.365,153
12.790,ElbowRight,0.465,0.988,2.397,153
12.790,WristRight,0.669,1.021,2.351,153
12.872,ShoulderLeft,-0.131,0.992,2.393,154
12.872,ElbowLeft,-0.366,1.003,2.454,154
12.872,WristLeft,-0.575,1.038,2.426,154
12.872,ShoulderRight,0.234,0.987,2.365,154
12.872,ElbowRight,0.466,0.988,2.397,154
12.872,WristRight,0.669,1.022,2.347,154
12.951,ShoulderLeft,-0.131,0.992,2.393,155
12.951,ElbowLeft,-0.366,1.003,2.453,155
12.951,WristLeft,-0.574,1.041,2.419,155
12.951,ShoulderRight,0.234,0.987,2.365,155
12.951,ElbowRight,0.466,0.988,2.396,155
12.951,WristRight,0.668,1.024,2.343,155
13.027,ShoulderLeft,-0.131,0.992,2.393,156
13.027,ElbowLeft,-0.366,1.002,2.451,156
13.027,WristLeft,-0.572,1.043,2.412,156
13.027,ShoulderRight,0.234,0.987,2.364,156
13.027,ElbowRight,0.466,0.988,2.396,156
13.027,WristRight,0.667,1.025,2.339,156
13.100,ShoulderLeft,-0.131,0.992,2.393,157
13.100,ElbowLeft,-0.367,1.002,2.450,157
13.100,WristLeft,-0.570,1.045,2.405,157
13.100,ShoulderRight,0.234,0.987,2.364,157
13.100,ElbowRight,0.466,0.988,2.396,157
13.100,WristRight,0.666,1.027,2.335,157
13.177,ShoulderLeft,-0.131,0.992,2.393,158
13.177,ElbowLeft,-0.367,1.001,2.448,158
13.177,WristLeft,-0.568,1.047,2.399,158
13.177,ShoulderRight,0.234,0.987,2.364,158
13.177,ElbowRight,0.466,0.988,2.395,158
13.177,WristRight,0.665,1.029,2.331,158
13.254,ShoulderLeft,-0.131,0.992,2.392,159
13.254,ElbowLeft,-0.367,1.001,2.446,159
13.254,WristLeft,-0.567,1.048,2.392,159
13.254,ShoulderRight,0.234,0.987,2.364,159
13.254,ElbowRight,0.466,0.988,2.395,159
13.254,WristRight,0.664,1.030,2.327,159
13.331,ShoulderLeft,-0.131,0.992,2.392,160
13.331,ElbowLeft,-0.366,1.000,2.443,160
13.331,WristLeft,-0.565,1.050,2.385,160
13.331,ShoulderRight,0.234,0.987,2.364,160
13.331,ElbowRight,0.466,0.987,2.394,160
13.331,WristRight,0.663,1.032,2.322,160
13.405,ShoulderLeft,-0.132,0.992,2.392,161
13.405,ElbowLeft,-0.366,0.999,2.440,161
13.405,WristLeft,-0.563,1.050,2.379,161
13.405,ShoulderRight,0.234,0.987,2.364,161
13.405,ElbowRight,0.466,0.987,2.394,161
13.405,WristRight,0.662,1.034,2.318,161
13.479,ShoulderLeft,-0.132,0.992,2.392,162
13.479,ElbowLeft,-0.366,0.999,2.438,162
13.479,WristLeft,-0.562,1.051,2.372,162
13.479,ShoulderRight,0.234,0.987,2.364,162
13.479,ElbowRight,0.467,0.987,2.393,162
13.479,WristRight,0.662,1.043,2.300,162
13.559,ShoulderLeft,-0.132,0.992,2.392,163
13.559,ElbowLeft,-0.366,0.998,2.436,163
13.559,WristLeft,-0.560,1.051,2.365,163
13.559,ShoulderRight,0.234,0.987,2.364,163
13.559,ElbowRight,0.467,0.987,2.392,163
13.559,WristRight,0.659,1.044,2.292,163
13.636,ShoulderLeft,-0.132,0.992,2.392,164
13.636,ElbowLeft,-0.365,0.997,2.434,164
13.636,WristLeft,-0.558,1.051,2.360,164
13.636,ShoulderRight,0.234,0.987,2.364,164
13.636,ElbowRight,0.467,0.987,2.392,164
13.636,WristRight,0.656,1.045,2.287,164
13.715,ShoulderLeft,-0.132,0.992,2.392,165
13.715,ElbowLeft,-0.365,0.997,2.432,165
13.715,WristLeft,-0.557,1.051,2.355,165
13.715,ShoulderRight,0.234,0.987,2.364,165
13.715,ElbowRight,0.467,0.987,2.391,165
13.715,WristRight,0.654,1.046,2.282,165
13.793,ShoulderLeft,-0.132,0.992,2.392,166
13.793,ElbowLeft,-0.365,0.997,2.430,166
13.793,WristLeft,-0.575,1.054,2.324,166
13.793,ShoulderRight,0.234,0.987,2.364,166
13.793,ElbowRight,0.467,0.987,2.390,166
13.793,WristRight,0.652,1.047,2.278,166
13.874,ShoulderLeft,-0.132,0.992,2.392,167
13.874,ElbowLeft,-0.366,0.996,2.428,167
13.874,WristLeft,-0.580,1.058,2.303,167
13.874,ShoulderRight,0.234,0.987,2.364,167
13.874,ElbowRight,0.467,0.987,2.389,167
13.874,WristRight,0.650,1.047,2.274,167
13.950,ShoulderLeft,-0.133,0.992,2.391,168
13.950,ElbowLeft,-0.365,0.996,2.426,168
13.950,WristLeft,-0.565,1.058,2.298,168
13.950,ShoulderRight,0.234,0.987,2.364,168
13.950,ElbowRight,0.467,0.987,2.387,168
13.950,WristRight,0.647,1.047,2.271,168
14.026,ShoulderLeft,-0.133,0.991,2.391,169
14.026,ElbowLeft,-0.364,0.995,2.424,169
14.026,WristLeft,-0.550,1.057,2.297,169
14.026,ShoulderRight,0.234,0.987,2.364,169
14.026,ElbowRight,0.466,0.987,2.386,169
14.026,WristRight,0.644,1.047,2.267,169
14.101,ShoulderLeft,-0.133,0.991,2.391,170
14.101,ElbowLeft,-0.362,0.994,2.422,170
14.101,WristLeft,-0.539,1.057,2.297,170
14.101,ShoulderRight,0.234,0.987,2.364,170
14.101,ElbowRight,0.466,0.987,2.384,170
14.101,WristRight,0.641,1.047,2.263,170
14.179,ShoulderLeft,-0.133,0.991,2.391,171
14.179,ElbowLeft,-0.360,0.994,2.421,171
14.179,WristLeft,-0.530,1.057,2.296,171
14.179,ShoulderRight,0.234,0.987,2.364,171
14.179,ElbowRight,0.465,0.987,2.383,171
14.179,WristRight,0.637,1.048,2.257,171
14.255,ShoulderLeft,-0.133,0.991,2.390,172
14.255,ElbowLeft,-0.358,0.993,2.419,172
14.255,WristLeft,-0.521,1.058,2.293,172
14.255,ShoulderRight,0.234,0.987,2.364,172
14.255,ElbowRight,0.464,0.986,2.382,172
14.255,WristRight,0.632,1.049,2.250,172
14.370,ShoulderLeft,-0.133,0.991,2.390,173
14.370,ElbowLeft,-0.356,0.992,2.417,173
14.370,WristLeft,-0.510,1.059,2.285,173
14.370,ShoulderRight,0.234,0.987,2.364,173
14.370,ElbowRight,0.463,0.986,2.380,173
14.370,WristRight,0.626,1.052,2.236,173
14.448,ShoulderLeft,-0.133,0.991,2.390,174
14.448,ElbowLeft,-0.354,0.992,2.416,174
14.448,WristLeft,-0.501,1.060,2.276,174
14.448,ShoulderRight,0.234,0.987,2.363,174
14.448,ElbowRight,0.462,0.987,2.379,174
14.448,WristRight,0.619,1.057,2.222,174
14.526,ShoulderLeft,-0.133,0.991,2.389,175
14.526,ElbowLeft,-0.353,0.992,2.414,175
14.526,WristLeft,-0.498,1.069,2.242,175
14.526,ShoulderRight,0.234,0.987,2.363,175
14.526,ElbowRight,0.461,0.987,2.377,175
14.526,WristRight,0.614,1.062,2.208,175
14.601,ShoulderLeft,-0.133,0.991,2.389,176
14.601,ElbowLeft,-0.352,0.992,2.412,176
14.601,WristLeft,-0.496,1.073,2.229,176
14.601,ShoulderRight,0.234,0.987,2.363,176
14.601,ElbowRight,0.461,0.988,2.376,176
14.601,WristRight,0.610,1.065,2.200,176
14.674,ShoulderLeft,-0.133,0.990,2.389,177
14.674,ElbowLeft,-0.352,0.993,2.411,177
14.674,WristLeft,-0.492,1.075,2.221,177
14.674,ShoulderRight,0.234,0.987,2.363,177
14.674,ElbowRight,0.461,0.989,2.375,177
14.674,WristRight,0.606,1.068,2.191,177
14.746,ShoulderLeft,-0.132,0.990,2.388,178
14.746,ElbowLeft,-0.352,0.993,2.409,178
14.746,WristLeft,-0.489,1.077,2.215,178
14.746,ShoulderRight,0.234,0.987,2.363,178
14.746,ElbowRight,0.460,0.990,2.373,178
14.746,WristRight,0.602,1.071,2.184,178
14.821,ShoulderLeft,-0.132,0.990,2.388,179
14.821,ElbowLeft,-0.351,0.993,2.407,179
14.821,WristLeft,-0.484,1.078,2.211,179
14.821,ShoulderRight,0.234,0.987,2.363,179
14.821,ElbowRight,0.460,0.990,2.372,179
14.821,WristRight,0.597,1.073,2.179,179
14.895,ShoulderLeft,-0.132,0.990,2.388,180
14.895,ElbowLeft,-0.351,0.994,2.405,180
14.895,WristLeft,-0.474,1.078,2.209,180
14.895,ShoulderRight,0.234,0.987,2.363,180
14.895,ElbowRight,0.460,0.991,2.371,180
14.895,WristRight,0.590,1.075,2.175,180
14.971,ShoulderLeft,-0.132,0.990,2.387,181
14.971,ElbowLeft,-0.350,0.995,2.404,181
14.971,WristLeft,-0.467,1.079,2.207,181
14.971,ShoulderRight,0.234,0.987,2.363,181
14.971,ElbowRight,0.460,0.992,2.370,181
14.971,WristRight,0.583,1.076,2.172,181
15.046,ShoulderLeft,-0.132,0.990,2.387,182
15.046,ElbowLeft,-0.349,0.995,2.402,182
15.046,WristLeft,-0.455,1.078,2.203,182
15.046,ShoulderRight,0.234,0.987,2.363,182
15.046,ElbowRight,0.460,0.993,2.369,182
15.046,WristRight,0.572,1.078,2.168,182
15.121,ShoulderLeft,-0.132,0.990,2.387,183
15.121,ElbowLeft,-0.348,0.996,2.399,183
15.121,WristLeft,-0.433,1.082,2.186,183
15.121,ShoulderRight,0.234,0.987,2.362,183
15.121,ElbowRight,0.460,0.993,2.369,183
15.121,WristRight,0.555,1.079,2.164,183
15.197,ShoulderLeft,-0.133,0.990,2.387,184
15.197,ElbowLeft,-0.347,0.996,2.397,184
15.197,WristLeft,-0.422,1.083,2.177,184
15.197,ShoulderRight,0.234,0.987,2.362,184
15.197,ElbowRight,0.460,0.993,2.368,184
15.197,WristRight,0.537,1.080,2.162,184
15.270,ShoulderLeft,-0.133,0.990,2.387,185
15.270,ElbowLeft,-0.346,0.997,2.395,185
15.270,WristLeft,-0.414,1.084,2.172,185
15.270,ShoulderRight,0.234,0.987,2.362,185
15.270,ElbowRight,0.459,0.994,2.367,185
15.270,WristRight,0.524,1.080,2.159,185
15.343,ShoulderLeft,-0.133,0.991,2.387,186
15.343,ElbowLeft,-0.346,0.999,2.393,186
15.343,WristLeft,-0.394,1.084,2.154,186
15.343,ShoulderRight,0.234,0.987,2.362,186
15.343,ElbowRight,0.458,0.994,2.367,186
15.343,WristRight,0.488,1.077,2.156,186
15.419,ShoulderLeft,-0.133,0.991,2.386,187
15.419,ElbowLeft,-0.345,1.001,2.391,187
15.419,WristLeft,-0.383,1.084,2.149,187
15.419,ShoulderRight,0.234,0.987,2.361,187
15.419,ElbowRight,0.456,0.993,2.366,187
15.419,WristRight,0.425,1.064,2.139,187
15.495,ShoulderLeft,-0.133,0.991,2.386,188
15.495,ElbowLeft,-0.345,1.004,2.389,188
15.495,WristLeft,-0.360,1.082,2.146,188
15.495,ShoulderRight,0.234,0.987,2.361,188
15.495,ElbowRight,0.454,0.993,2.366,188
15.495,WristRight,0.401,1.059,2.137,188
15.568,ShoulderLeft,-0.133,0.992,2.386,189
15.568,ElbowLeft,-0.344,1.006,2.387,189
15.568,WristLeft,-0.347,1.081,2.146,189
15.568,ShoulderRight,0.234,0.988,2.361,189
15.568,ElbowRight,0.452,0.993,2.367,189
15.568,WristRight,0.411,1.063,2.148,189
15.642,ShoulderLeft,-0.134,0.992,2.385,190
15.642,ElbowLeft,-0.344,1.010,2.387,190
15.642,WristLeft,-0.337,1.081,2.146,190
15.642,ShoulderRight,0.234,0.988,2.361,190
15.642,ElbowRight,0.449,0.994,2.368,190
15.642,WristRight,0.415,1.066,2.155,190
15.719,ShoulderLeft,-0.134,0.994,2.384,191
15.719,ElbowLeft,-0.343,1.014,2.387,191
15.719,WristLeft,-0.330,1.082,2.148,191
15.719,ShoulderRight,0.234,0.989,2.361,191
15.719,ElbowRight,0.446,1.000,2.368,191
15.719,WristRight,0.417,1.067,2.157,191
15.794,ShoulderLeft,-0.134,0.995,2.383,192
15.794,ElbowLeft,-0.343,1.017,2.389,192
15.794,WristLeft,-0.326,1.083,2.152,192
15.794,ShoulderRight,0.235,0.989,2.360,192
15.794,ElbowRight,0.444,1.003,2.370,192
15.794,WristRight,0.425,1.070,2.160,192
15.866,ShoulderLeft,-0.134,0.997,2.382,193
15.866,ElbowLeft,-0.342,1.019,2.390,193
15.866,WristLeft,-0.323,1.081,2.161,193
15.866,ShoulderRight,0.235,0.990,2.360,193
15.866,ElbowRight,0.443,1.005,2.370,193
15.866,WristRight,0.432,1.073,2.163,193
15.940,ShoulderLeft,-0.134,0.998,2.382,194
15.940,ElbowLeft,-0.341,1.020,2.391,194
15.940,WristLeft,-0.323,1.081,2.164,194
15.940,ShoulderRight,0.235,0.990,2.360,194
15.940,ElbowRight,0.442,1.006,2.371,194
15.940,WristRight,0.438,1.075,2.165,194
16.015,ShoulderLeft,-0.134,0.998,2.381,195
16.015,ElbowLeft,-0.341,1.020,2.393,195
16.015,WristLeft,-0.326,1.080,2.168,195
16.015,ShoulderRight,0.235,0.991,2.360,195
16.015,ElbowRight,0.441,1.007,2.372,195
16.015,WristRight,0.442,1.076,2.167,195
16.101,ShoulderLeft,-0.134,0.999,2.381,196
16.101,ElbowLeft,-0.340,1.020,2.396,196
16.101,WristLeft,-0.329,1.079,2.170,196
16.101,ShoulderRight,0.235,0.991,2.360,196
16.101,ElbowRight,0.441,1.007,2.373,196
16.101,WristRight,0.445,1.077,2.168,196
16.175,ShoulderLeft,-0.134,0.999,2.380,197
16.175,ElbowLeft,-0.340,1.020,2.397,197
16.175,WristLeft,-0.335,1.077,2.178,197
16.175,ShoulderRight,0.235,0.992,2.360,197
16.175,ElbowRight,0.441,1.008,2.373,197
16.175,WristRight,0.442,1.083,2.138,197
16.250,ShoulderLeft,-0.134,0.999,2.380,198
16.250,ElbowLeft,-0.339,1.018,2.400,198
16.250,WristLeft,-0.340,1.075,2.186,198
16.250,ShoulderRight,0.235,0.992,2.360,198
16.250,ElbowRight,0.440,1.008,2.374,198
16.250,WristRight,0.441,1.086,2.126,198
16.324,ShoulderLeft,-0.134,1.000,2.380,199
16.324,ElbowLeft,-0.339,1.017,2.403,199
16.324,WristLeft,-0.342,1.074,2.188,199
16.324,ShoulderRight,0.235,0.993,2.360,199
16.324,ElbowRight,0.440,1.008,2.374,199
16.324,WristRight,0.440,1.088,2.119,199
16.423,ShoulderLeft,-0.134,1.000,2.380,200
16.423,ElbowLeft,-0.340,1.015,2.405,200
16.423,WristLeft,-0.344,1.073,2.192,200
16.423,ShoulderRight,0.235,0.993,2.360,200
16.423,ElbowRight,0.440,1.007,2.375,200
16.423,WristRight,0.439,1.088,2.115,200
16.496,ShoulderLeft,-0.134,1.000,2.380,201
16.496,ElbowLeft,-0.340,1.014,2.407,201
16.496,WristLeft,-0.345,1.073,2.192,201
16.496,ShoulderRight,0.235,0.993,2.360,201
16.496,ElbowRight,0.440,1.007,2.375,201
16.496,WristRight,0.439,1.089,2.112,201
16.569,ShoulderLeft,-0.134,1.000,2.380,202
16.569,ElbowLeft,-0.341,1.012,2.409,202
16.569,WristLeft,-0.346,1.073,2.192,202
16.569,ShoulderRight,0.235,0.994,2.360,202
16.569,ElbowRight,0.440,1.006,2.376,202
16.569,WristRight,0.438,1.089,2.111,202
16.646,ShoulderLeft,-0.134,1.000,2.380,203
16.646,ElbowLeft,-0.341,1.011,2.410,203
16.646,WristLeft,-0.346,1.072,2.194,203
16.646,ShoulderRight,0.235,0.994,2.360,203
16.646,ElbowRight,0.440,1.005,2.376,203
16.646,WristRight,0.438,1.089,2.110,203
16.723,ShoulderLeft,-0.134,1.000,2.380,204
16.723,ElbowLeft,-0.341,1.010,2.411,204
16.723,WristLeft,-0.346,1.072,2.193,204
16.723,ShoulderRight,0.235,0.994,2.359,204
16.723,ElbowRight,0.440,1.005,2.377,204
16.723,WristRight,0.437,1.089,2.110,204
16.797,ShoulderLeft,-0.134,1.000,2.380,205
16.797,ElbowLeft,-0.341,1.009,2.412,205
16.797,WristLeft,-0.346,1.072,2.192,205
16.797,ShoulderRight,0.235,0.994,2.359,205
16.797,ElbowRight,0.440,1.004,2.377,205
16.797,WristRight,0.428,1.073,2.147,205
16.869,ShoulderLeft,-0.134,1.000,2.381,206
16.869,ElbowLeft,-0.342,1.008,2.413,206
16.869,WristLeft,-0.346,1.072,2.192,206
16.869,ShoulderRight,0.235,0.994,2.359,206
16.869,ElbowRight,0.440,1.003,2.378,206
16.869,WristRight,0.431,1.068,2.166,206
16.943,ShoulderLeft,-0.134,0.999,2.381,207
16.943,ElbowLeft,-0.342,1.007,2.414,207
16.943,WristLeft,-0.346,1.072,2.191,207
16.943,ShoulderRight,0.235,0.994,2.359,207
16.943,ElbowRight,0.440,1.002,2.379,207
16.943,WristRight,0.433,1.066,2.176,207
17.017,ShoulderLeft,-0.134,0.999,2.381,208
17.017,ElbowLeft,-0.343,1.006,2.415,208
17.017,WristLeft,-0.345,1.072,2.191,208
17.017,ShoulderRight,0.235,0.994,2.359,208
17.017,ElbowRight,0.440,1.001,2.379,208
17.017,WristRight,0.434,1.064,2.181,208
17.097,ShoulderLeft,-0.133,0.999,2.381,209
17.097,ElbowLeft,-0.343,1.005,2.416,209
17.097,WristLeft,-0.345,1.072,2.191,209
17.097,ShoulderRight,0.235,0.994,2.359,209
17.097,ElbowRight,0.440,1.000,2.380,209
17.097,WristRight,0.436,1.064,2.185,209
17.172,ShoulderLeft,-0.133,0.998,2.382,210
17.172,ElbowLeft,-0.343,1.004,2.417,210
17.172,WristLeft,-0.346,1.071,2.196,210
17.172,ShoulderRight,0.235,0.994,2.359,210
17.172,ElbowRight,0.440,1.000,2.380,210
17.172,WristRight,0.440,1.065,2.187,210
17.248,ShoulderLeft,-0.133,0.998,2.383,211
17.248,ElbowLeft,-0.343,1.004,2.418,211
17.248,WristLeft,-0.347,1.070,2.200,211
17.248,ShoulderRight,0.235,0.994,2.359,211
17.248,ElbowRight,0.440,0.999,2.380,211
17.248,WristRight,0.443,1.067,2.187,211
17.325,ShoulderLeft,-0.133,0.997,2.383,212
17.325,ElbowLeft,-0.343,1.003,2.419,212
17.325,WristLeft,-0.346,1.070,2.201,212
17.325,ShoulderRight,0.235,0.994,2.359,212
17.325,ElbowRight,0.440,0.999,2.380,212
17.325,WristRight,0.445,1.069,2.187,212
17.399,ShoulderLeft,-0.133,0.997,2.384,213
17.399,ElbowLeft,-0.343,1.003,2.419,213
17.399,WristLeft,-0.345,1.071,2.200,213
17.399,ShoulderRight,0.235,0.994,2.359,213
17.399,ElbowRight,0.440,0.998,2.381,213
17.399,WristRight,0.447,1.070,2.186,213
17.482,ShoulderLeft,-0.132,0.996,2.384,214
17.482,ElbowLeft,-0.342,1.002,2.420,214
17.482,WristLeft,-0.345,1.070,2.202,214
17.482,ShoulderRight,0.235,0.994,2.359,214
17.482,ElbowRight,0.440,0.998,2.381,214
17.482,WristRight,0.449,1.071,2.185,214
17.558,ShoulderLeft,-0.132,0.996,2.385,215
17.558,ElbowLeft,-0.343,1.002,2.421,215
17.558,WristLeft,-0.346,1.069,2.204,215
17.558,ShoulderRight,0.235,0.993,2.359,215
17.558,ElbowRight,0.440,0.997,2.381,215
17.558,WristRight,0.450,1.072,2.184,215
17.630,ShoulderLeft,-0.132,0.995,2.385,216
17.630,ElbowLeft,-0.342,1.001,2.421,216
17.630,WristLeft,-0.346,1.069,2.207,216
17.630,ShoulderRight,0.235,0.993,2.360,216
17.630,ElbowRight,0.441,0.996,2.382,216
17.630,WristRight,0.450,1.072,2.184,216
17.706,ShoulderLeft,-0.132,0.995,2.386,217
17.706,ElbowLeft,-0.344,0.999,2.423,217
17.706,WristLeft,-0.347,1.068,2.211,217
17.706,ShoulderRight,0.235,0.993,2.360,217
17.706,ElbowRight,0.441,0.996,2.382,217
17.706,WristRight,0.451,1.073,2.184,217
17.793,ShoulderLeft,-0.132,0.995,2.387,218
17.793,ElbowLeft,-0.344,0.999,2.424,218
17.793,WristLeft,-0.346,1.067,2.213,218
17.793,ShoulderRight,0.235,0.993,2.360,218
17.793,ElbowRight,0.441,0.995,2.382,218
17.793,WristRight,0.451,1.073,2.183,218
17.872,ShoulderLeft,-0.132,0.995,2.387,219
17.872,ElbowLeft,-0.344,0.997,2.425,219
17.872,WristLeft,-0.346,1.067,2.216,219
17.872,ShoulderRight,0.235,0.993,2.360,219
17.872,ElbowRight,0.442,0.995,2.383,219
17.872,WristRight,0.448,1.072,2.182,219
17.945,ShoulderLeft,-0.131,0.994,2.388,220
17.945,ElbowLeft,-0.345,0.996,2.426,220
17.945,WristLeft,-0.346,1.067,2.218,220
17.945,ShoulderRight,0.235,0.992,2.361,220
17.945,ElbowRight,0.442,0.994,2.383,220
17.945,WristRight,0.447,1.072,2.181,220
18.020,ShoulderLeft,-0.131,0.994,2.388,221
18.020,ElbowLeft,-0.346,0.995,2.427,221
18.020,WristLeft,-0.345,1.067,2.217,221
18.020,ShoulderRight,0.235,0.992,2.361,221
18.020,ElbowRight,0.443,0.994,2.383,221
18.020,WristRight,0.446,1.072,2.180,221
18.094,ShoulderLeft,-0.131,0.994,2.389,222
18.094,ElbowLeft,-0.347,0.994,2.427,222
18.094,WristLeft,-0.344,1.067,2.218,222
18.094,ShoulderRight,0.235,0.992,2.361,222
18.094,ElbowRight,0.443,0.994,2.383,222
18.094,WristRight,0.442,1.074,2.174,222
18.167,ShoulderLeft,-0.131,0.994,2.389,223
18.167,ElbowLeft,-0.347,0.994,2.427,223
18.167,WristLeft,-0.344,1.066,2.218,223
18.167,ShoulderRight,0.235,0.992,2.362,223
18.167,ElbowRight,0.444,0.994,2.383,223
18.167,WristRight,0.439,1.075,2.170,223
18.241,ShoulderLeft,-0.131,0.994,2.389,224
18.241,ElbowLeft,-0.347,0.993,2.427,224
18.241,WristLeft,-0.343,1.066,2.219,224
18.241,ShoulderRight,0.235,0.992,2.362,224
18.241,ElbowRight,0.444,0.993,2.383,224
18.241,WristRight,0.437,1.076,2.167,224
18.316,ShoulderLeft,-0.131,0.993,2.390,225
18.316,ElbowLeft,-0.347,0.992,2.428,225
18.316,WristLeft,-0.343,1.066,2.219,225
18.316,ShoulderRight,0.235,0.991,2.363,225
18.316,ElbowRight,0.444,0.993,2.383,225
18.316,WristRight,0.436,1.077,2.165,225
18.395,ShoulderLeft,-0.131,0.993,2.390,226
18.395,ElbowLeft,-0.347,0.990,2.429,226
18.395,WristLeft,-0.343,1.066,2.221,226
18.395,ShoulderRight,0.235,0.991,2.363,226
18.395,ElbowRight,0.444,0.993,2.383,226
18.395,WristRight,0.435,1.076,2.165,226
18.481,ShoulderLeft,-0.131,0.993,2.391,227
18.481,ElbowLeft,-0.347,0.989,2.429,227
18.481,WristLeft,-0.343,1.065,2.222,227
18.481,ShoulderRight,0.235,0.991,2.364,227
18.481,ElbowRight,0.445,0.993,2.383,227
18.481,WristRight,0.434,1.075,2.167,227
18.557,ShoulderLeft,-0.131,0.993,2.392,228
18.557,ElbowLeft,-0.347,0.988,2.430,228
18.557,WristLeft,-0.343,1.065,2.223,228
18.557,ShoulderRight,0.235,0.991,2.364,228
18.557,ElbowRight,0.445,0.992,2.384,228
18.557,WristRight,0.433,1.073,2.169,228
18.630,ShoulderLeft,-0.131,0.993,2.392,229
18.630,ElbowLeft,-0.347,0.987,2.431,229
18.630,WristLeft,-0.343,1.065,2.224,229
18.630,ShoulderRight,0.235,0.991,2.365,229
18.630,ElbowRight,0.446,0.992,2.384,229
18.630,WristRight,0.432,1.072,2.171,229
18.705,ShoulderLeft,-0.131,0.992,2.393,230
18.705,ElbowLeft,-0.347,0.986,2.432,230
18.705,WristLeft,-0.343,1.064,2.225,230
18.705,ShoulderRight,0.235,0.991,2.366,230
18.705,ElbowRight,0.446,0.992,2.384,230
18.705,WristRight,0.432,1.072,2.170,230
18.781,ShoulderLeft,-0.131,0.992,2.394,231
18.781,ElbowLeft,-0.348,0.985,2.433,231
18.781,WristLeft,-0.343,1.063,2.226,231
18.781,ShoulderRight,0.236,0.990,2.366,231
18.781,ElbowRight,0.447,0.992,2.384,231
18.781,WristRight,0.431,1.073,2.169,231
18.855,ShoulderLeft,-0.131,0.992,2.394,232
18.855,ElbowLeft,-0.349,0.984,2.434,232
18.855,WristLeft,-0.343,1.063,2.227,232
18.855,ShoulderRight,0.236,0.990,2.367,232
18.855,ElbowRight,0.447,0.991,2.384,232
18.855,WristRight,0.430,1.073,2.169,232
18.929,ShoulderLeft,-0.131,0.992,2.395,233
18.929,ElbowLeft,-0.350,0.983,2.435,233
18.929,WristLeft,-0.343,1.063,2.228,233
18.929,ShoulderRight,0.236,0.990,2.367,233
18.929,ElbowRight,0.447,0.991,2.384,233
18.929,WristRight,0.430,1.073,2.168,233
19.005,ShoulderLeft,-0.131,0.992,2.396,234
19.005,ElbowLeft,-0.350,0.983,2.435,234
19.005,WristLeft,-0.343,1.063,2.229,234
19.005,ShoulderRight,0.236,0.990,2.368,234
19.005,ElbowRight,0.447,0.991,2.384,234
19.005,WristRight,0.429,1.073,2.168,234
19.083,ShoulderLeft,-0.131,0.992,2.396,235
19.083,ElbowLeft,-0.350,0.982,2.436,235
19.083,WristLeft,-0.342,1.063,2.230,235
19.083,ShoulderRight,0.236,0.990,2.369,235
19.083,ElbowRight,0.448,0.990,2.384,235
19.083,WristRight,0.429,1.073,2.167,235
19.160,ShoulderLeft,-0.131,0.992,2.397,236
19.160,ElbowLeft,-0.347,0.985,2.435,236
19.160,WristLeft,-0.341,1.063,2.229,236
19.160,ShoulderRight,0.236,0.990,2.370,236
19.160,ElbowRight,0.448,0.990,2.384,236
19.160,WristRight,0.430,1.073,2.170,236
19.235,ShoulderLeft,-0.131,0.992,2.398,237
19.235,ElbowLeft,-0.345,0.985,2.436,237
19.235,WristLeft,-0.340,1.063,2.230,237
19.235,ShoulderRight,0.236,0.989,2.370,237
19.235,ElbowRight,0.449,0.990,2.385,237
19.235,WristRight,0.430,1.073,2.170,237
19.310,ShoulderLeft,-0.131,0.992,2.399,238
19.310,ElbowLeft,-0.344,0.985,2.436,238
19.310,WristLeft,-0.340,1.064,2.231,238
19.310,ShoulderRight,0.237,0.989,2.371,238
19.310,ElbowRight,0.449,0.989,2.385,238
19.310,WristRight,0.431,1.071,2.172,238
19.388,ShoulderLeft,-0.131,0.992,2.399,239
19.388,ElbowLeft,-0.344,0.985,2.437,239
19.388,WristLeft,-0.340,1.064,2.231,239
19.388,ShoulderRight,0.237,0.989,2.372,239
19.388,ElbowRight,0.449,0.989,2.385,239
19.388,WristRight,0.431,1.071,2.172,239
19.473,ShoulderLeft,-0.131,0.992,2.400,240
19.473,ElbowLeft,-0.342,0.986,2.437,240
19.473,WristLeft,-0.338,1.064,2.228,240
19.473,ShoulderRight,0.237,0.989,2.372,240
19.473,ElbowRight,0.449,0.989,2.385,240
19.473,WristRight,0.431,1.071,2.172,240
19.563,ShoulderLeft,-0.131,0.992,2.400,241
19.563,ElbowLeft,-0.341,0.986,2.437,241
19.563,WristLeft,-0.338,1.064,2.229,241
19.563,ShoulderRight,0.237,0.989,2.373,241
19.563,ElbowRight,0.450,0.988,2.386,241
19.563,WristRight,0.430,1.071,2.172,241
19.636,ShoulderLeft,-0.131,0.991,2.401,242
19.636,ElbowLeft,-0.344,0.984,2.439,242
19.636,WristLeft,-0.338,1.064,2.230,242
19.636,ShoulderRight,0.237,0.989,2.374,242
19.636,ElbowRight,0.450,0.988,2.386,242
19.636,WristRight,0.430,1.072,2.171,242
19.712,ShoulderLeft,-0.131,0.991,2.402,243
19.712,ElbowLeft,-0.344,0.983,2.439,243
19.712,WristLeft,-0.338,1.064,2.231,243
19.712,ShoulderRight,0.237,0.989,2.374,243
19.712,ElbowRight,0.450,0.988,2.386,243
19.712,WristRight,0.430,1.072,2.171,243
19.786,ShoulderLeft,-0.131,0.991,2.402,244
19.786,ElbowLeft,-0.343,0.984,2.439,244
19.786,WristLeft,-0.336,1.065,2.220,244
19.786,ShoulderRight,0.237,0.989,2.375,244
19.786,ElbowRight,0.450,0.987,2.387,244
19.786,WristRight,0.429,1.072,2.171,244
19.862,ShoulderLeft,-0.131,0.991,2.403,245
19.862,ElbowLeft,-0.342,0.984,2.438,245
19.862,WristLeft,-0.336,1.065,2.220,245
19.862,ShoulderRight,0.237,0.989,2.375,245
19.862,ElbowRight,0.450,0.987,2.387,245
19.862,WristRight,0.429,1.072,2.171,245
19.936,ShoulderLeft,-0.131,0.991,2.403,246
19.936,ElbowLeft,-0.341,0.984,2.438,246
19.936,WristLeft,-0.336,1.065,2.220,246
19.936,ShoulderRight,0.237,0.989,2.376,246
19.936,ElbowRight,0.450,0.986,2.388,246
19.936,WristRight,0.429,1.072,2.171,246
20.006,ShoulderLeft,-0.131,0.991,2.404,247
20.006,ElbowLeft,-0.341,0.984,2.438,247
20.006,WristLeft,-0.337,1.065,2.221,247
20.006,ShoulderRight,0.237,0.989,2.376,247
20.006,ElbowRight,0.450,0.985,2.389,247
20.006,WristRight,0.431,1.071,2.174,247
20.083,ShoulderLeft,-0.131,0.991,2.404,248
20.083,ElbowLeft,-0.340,0.984,2.438,248
20.083,WristLeft,-0.336,1.065,2.223,248
20.083,ShoulderRight,0.237,0.988,2.376,248
20.083,ElbowRight,0.450,0.985,2.389,248
20.083,WristRight,0.438,1.069,2.179,248
20.157,ShoulderLeft,-0.131,0.991,2.404,249
20.157,ElbowLeft,-0.339,0.985,2.438,249
20.157,WristLeft,-0.335,1.065,2.223,249
20.157,ShoulderRight,0.238,0.988,2.377,249
20.157,ElbowRight,0.451,0.985,2.389,249
20.157,WristRight,0.438,1.069,2.179,249
20.232,ShoulderLeft,-0.131,0.991,2.405,250
20.232,ElbowLeft,-0.338,0.984,2.438,250
20.232,WristLeft,-0.335,1.064,2.226,250
20.232,ShoulderRight,0.238,0.988,2.377,250
20.232,ElbowRight,0.451,0.984,2.390,250
20.232,WristRight,0.441,1.067,2.181,250
20.306,ShoulderLeft,-0.131,0.990,2.405,251
20.306,ElbowLeft,-0.338,0.984,2.438,251
20.306,WristLeft,-0.335,1.064,2.228,251
20.306,ShoulderRight,0.238,0.988,2.377,251
20.306,ElbowRight,0.451,0.984,2.390,251
20.306,WristRight,0.439,1.067,2.179,251
20.382,ShoulderLeft,-0.131,0.990,2.405,252
20.382,ElbowLeft,-0.337,0.984,2.438,252
20.382,WristLeft,-0.335,1.063,2.228,252
20.382,ShoulderRight,0.238,0.988,2.378,252
20.382,ElbowRight,0.451,0.983,2.390,252
20.382,WristRight,0.441,1.066,2.181,252
20.459,ShoulderLeft,-0.130,0.990,2.405,253
20.459,ElbowLeft,-0.339,0.982,2.439,253
20.459,WristLeft,-0.335,1.063,2.230,253
20.459,ShoulderRight,0.238,0.988,2.378,253
20.459,ElbowRight,0.451,0.983,2.390,253
20.459,WristRight,0.443,1.065,2.182,253
20.540,ShoulderLeft,-0.130,0.990,2.406,254
20.540,ElbowLeft,-0.338,0.983,2.439,254
20.540,WristLeft,-0.335,1.063,2.231,254
20.540,ShoulderRight,0.238,0.988,2.378,254
20.540,ElbowRight,0.451,0.982,2.391,254
20.540,WristRight,0.444,1.064,2.184,254
20.619,ShoulderLeft,-0.130,0.990,2.406,255
20.619,ElbowLeft,-0.338,0.983,2.439,255
20.619,WristLeft,-0.335,1.062,2.231,255
20.619,ShoulderRight,0.238,0.988,2.378,255
20.619,ElbowRight,0.452,0.981,2.391,255
20.619,WristRight,0.446,1.063,2.185,255
20.695,ShoulderLeft,-0.130,0.990,2.406,256
20.695,ElbowLeft,-0.338,0.983,2.439,256
20.695,WristLeft,-0.335,1.062,2.231,256
20.695,ShoulderRight,0.238,0.988,2.378,256
20.695,ElbowRight,0.452,0.980,2.391,256
20.695,WristRight,0.446,1.063,2.186,256
20.772,ShoulderLeft,-0.130,0.990,2.406,257
20.772,ElbowLeft,-0.338,0.983,2.438,257
20.772,WristLeft,-0.335,1.062,2.231,257
20.772,ShoulderRight,0.238,0.988,2.379,257
20.772,ElbowRight,0.452,0.980,2.392,257
20.772,WristRight,0.447,1.062,2.187,257
20.850,ShoulderLeft,-0.130,0.990,2.407,258
20.850,ElbowLeft,-0.338,0.983,2.438,258
20.850,WristLeft,-0.335,1.062,2.231,258
20.850,ShoulderRight,0.238,0.988,2.379,258
20.850,ElbowRight,0.453,0.979,2.392,258
20.850,WristRight,0.447,1.061,2.187,258
20.928,ShoulderLeft,-0.130,0.990,2.407,259
20.928,ElbowLeft,-0.338,0.983,2.438,259
20.928,WristLeft,-0.335,1.062,2.231,259
20.928,ShoulderRight,0.238,0.988,2.379,259
20.928,ElbowRight,0.453,0.979,2.392,259
20.928,WristRight,0.440,1.062,2.181,259
21.003,ShoulderLeft,-0.130,0.989,2.407,260
21.003,ElbowLeft,-0.337,0.983,2.438,260
21.003,WristLeft,-0.336,1.062,2.232,260
21.003,ShoulderRight,0.238,0.988,2.379,260
21.003,ElbowRight,0.454,0.978,2.392,260
21.003,WristRight,0.439,1.062,2.181,260
21.076,ShoulderLeft,-0.130,0.989,2.407,261
21.076,ElbowLeft,-0.337,0.983,2.438,261
21.076,WristLeft,-0.336,1.061,2.232,261
21.076,ShoulderRight,0.238,0.988,2.379,261
21.076,ElbowRight,0.454,0.978,2.392,261
21.076,WristRight,0.439,1.062,2.181,261
21.152,ShoulderLeft,-0.131,0.989,2.408,262
21.152,ElbowLeft,-0.337,0.983,2.438,262
21.152,WristLeft,-0.336,1.061,2.231,262
21.152,ShoulderRight,0.238,0.988,2.379,262
21.152,ElbowRight,0.455,0.978,2.391,262
21.152,WristRight,0.435,1.063,2.176,262
21.230,ShoulderLeft,-0.131,0.989,2.408,263
21.230,ElbowLeft,-0.340,0.981,2.438,263
21.230,WristLeft,-0.336,1.061,2.232,263
21.230,ShoulderRight,0.238,0.988,2.379,263
21.230,ElbowRight,0.456,0.978,2.390,263
21.230,WristRight,0.435,1.062,2.176,263
21.315,ShoulderLeft,-0.131,0.989,2.408,264
21.315,ElbowLeft,-0.341,0.982,2.437,264
21.315,WristLeft,-0.336,1.061,2.230,264
21.315,ShoulderRight,0.238,0.988,2.379,264
21.315,ElbowRight,0.457,0.977,2.390,264
21.315,WristRight,0.436,1.061,2.176,264
21.391,ShoulderLeft,-0.131,0.989,2.408,265
21.391,ElbowLeft,-0.345,0.978,2.438,265
21.391,WristLeft,-0.337,1.060,2.231,265
21.391,ShoulderRight,0.238,0.988,2.379,265
21.391,ElbowRight,0.457,0.977,2.390,265
21.391,WristRight,0.436,1.060,2.177,265
21.474,ShoulderLeft,-0.131,0.989,2.408,266
21.474,ElbowLeft,-0.346,0.977,2.437,266
21.474,WristLeft,-0.337,1.059,2.231,266
21.474,ShoulderRight,0.238,0.988,2.379,266
21.474,ElbowRight,0.458,0.977,2.389,266
21.474,WristRight,0.437,1.059,2.178,266
21.549,ShoulderLeft,-0.131,0.989,2.408,267
21.549,ElbowLeft,-0.346,0.977,2.437,267
21.549,WristLeft,-0.337,1.059,2.231,267
21.549,ShoulderRight,0.238,0.988,2.380,267
21.549,ElbowRight,0.458,0.976,2.389,267
21.549,WristRight,0.438,1.059,2.178,267
21.623,ShoulderLeft,-0.131,0.989,2.408,268
21.623,ElbowLeft,-0.347,0.976,2.437,268
21.623,WristLeft,-0.337,1.058,2.231,268
21.623,ShoulderRight,0.238,0.987,2.380,268
21.623,ElbowRight,0.459,0.976,2.389,268
21.623,WristRight,0.438,1.058,2.179,268
21.699,ShoulderLeft,-0.131,0.989,2.408,269
21.699,ElbowLeft,-0.348,0.975,2.438,269
21.699,WristLeft,-0.337,1.058,2.232,269
21.699,ShoulderRight,0.238,0.987,2.380,269
21.699,ElbowRight,0.459,0.976,2.388,269
21.699,WristRight,0.439,1.058,2.179,269
21.773,ShoulderLeft,-0.131,0.988,2.408,270
21.773,ElbowLeft,-0.346,0.977,2.436,270
21.773,WristLeft,-0.338,1.058,2.231,270
21.773,ShoulderRight,0.238,0.987,2.380,270
21.773,ElbowRight,0.459,0.976,2.388,270
21.773,WristRight,0.435,1.060,2.174,270
21.846,ShoulderLeft,-0.131,0.988,2.408,271
21.846,ElbowLeft,-0.345,0.978,2.436,271
21.846,WristLeft,-0.338,1.058,2.231,271
21.846,ShoulderRight,0.238,0.987,2.380,271
21.846,ElbowRight,0.459,0.976,2.388,271
21.846,WristRight,0.436,1.060,2.174,271
21.921,ShoulderLeft,-0.131,0.988,2.408,272
21.921,ElbowLeft,-0.344,0.979,2.435,272
21.921,WristLeft,-0.338,1.058,2.230,272
21.921,ShoulderRight,0.238,0.987,2.380,272
21.921,ElbowRight,0.460,0.976,2.387,272
21.921,WristRight,0.436,1.060,2.175,272
21.995,ShoulderLeft,-0.131,0.988,2.408,273
21.995,ElbowLeft,-0.344,0.979,2.435,273
21.995,WristLeft,-0.338,1.058,2.230,273
21.995,ShoulderRight,0.238,0.987,2.380,273
21.995,ElbowRight,0.460,0.976,2.387,273
21.995,WristRight,0.434,1.061,2.172,273
22.065,ShoulderLeft,-0.131,0.988,2.408,274
22.065,ElbowLeft,-0.343,0.981,2.433,274
22.065,WristLeft,-0.338,1.058,2.228,274
22.065,ShoulderRight,0.238,0.987,2.380,274
22.065,ElbowRight,0.459,0.976,2.387,274
22.065,WristRight,0.435,1.061,2.172,274
22.140,ShoulderLeft,-0.131,0.988,2.408,275
22.140,ElbowLeft,-0.341,0.984,2.432,275
22.140,WristLeft,-0.337,1.059,2.226,275
22.140,ShoulderRight,0.238,0.987,2.379,275
22.140,ElbowRight,0.456,0.980,2.382,275
22.140,WristRight,0.430,1.066,2.163,275
22.216,ShoulderLeft,-0.131,0.988,2.408,276
22.216,ElbowLeft,-0.343,0.983,2.432,276
22.216,WristLeft,-0.337,1.059,2.226,276
22.216,ShoulderRight,0.238,0.987,2.379,276
22.216,ElbowRight,0.456,0.981,2.381,276
22.216,WristRight,0.428,1.068,2.160,276
22.290,ShoulderLeft,-0.131,0.988,2.407,277
22.290,ElbowLeft,-0.342,0.983,2.431,277
22.290,WristLeft,-0.337,1.060,2.225,277
22.290,ShoulderRight,0.238,0.987,2.379,277
22.290,ElbowRight,0.455,0.982,2.380,277
22.290,WristRight,0.427,1.069,2.158,277
22.364,ShoulderLeft,-0.131,0.989,2.407,278
22.364,ElbowLeft,-0.345,0.982,2.429,278
22.364,WristLeft,-0.337,1.060,2.224,278
22.364,ShoulderRight,0.238,0.987,2.379,278
22.364,ElbowRight,0.455,0.983,2.379,278
22.364,WristRight,0.426,1.070,2.157,278
22.439,ShoulderLeft,-0.131,0.989,2.407,279
22.439,ElbowLeft,-0.348,0.981,2.428,279
22.439,WristLeft,-0.336,1.060,2.224,279
22.439,ShoulderRight,0.238,0.987,2.379,279
22.439,ElbowRight,0.455,0.983,2.379,279
22.439,WristRight,0.431,1.068,2.161,279
22.514,ShoulderLeft,-0.131,0.989,2.407,280
22.514,ElbowLeft,-0.350,0.980,2.428,280
22.514,WristLeft,-0.336,1.060,2.224,280
22.514,ShoulderRight,0.238,0.987,2.379,280
22.514,ElbowRight,0.455,0.983,2.379,280
22.514,WristRight,0.435,1.067,2.165,280
22.591,ShoulderLeft,-0.131,0.989,2.406,281
22.591,ElbowLeft,-0.351,0.979,2.427,281
22.591,WristLeft,-0.337,1.060,2.224,281
22.591,ShoulderRight,0.238,0.987,2.379,281
22.591,ElbowRight,0.455,0.983,2.378,281
22.591,WristRight,0.435,1.066,2.165,281
22.667,ShoulderLeft,-0.131,0.989,2.406,282
22.667,ElbowLeft,-0.349,0.980,2.427,282
22.667,WristLeft,-0.337,1.060,2.223,282
22.667,ShoulderRight,0.238,0.987,2.379,282
22.667,ElbowRight,0.456,0.983,2.378,282
22.667,WristRight,0.437,1.065,2.168,282
22.743,ShoulderLeft,-0.131,0.989,2.406,283
22.743,ElbowLeft,-0.348,0.981,2.426,283
22.743,WristLeft,-0.337,1.060,2.223,283
22.743,ShoulderRight,0.238,0.987,2.379,283
22.743,ElbowRight,0.456,0.982,2.378,283
22.743,WristRight,0.438,1.064,2.170,283
22.821,ShoulderLeft,-0.131,0.989,2.406,284
22.821,ElbowLeft,-0.346,0.981,2.426,284
22.821,WristLeft,-0.338,1.060,2.222,284
22.821,ShoulderRight,0.238,0.987,2.379,284
22.821,ElbowRight,0.456,0.982,2.379,284
22.821,WristRight,0.439,1.063,2.172,284
22.897,ShoulderLeft,-0.131,0.989,2.405,285
22.897,ElbowLeft,-0.345,0.980,2.427,285
22.897,WristLeft,-0.338,1.060,2.223,285
22.897,ShoulderRight,0.238,0.987,2.378,285
22.897,ElbowRight,0.456,0.982,2.379,285
22.897,WristRight,0.440,1.062,2.173,285
22.972,ShoulderLeft,-0.131,0.989,2.405,286
22.972,ElbowLeft,-0.344,0.980,2.427,286
22.972,WristLeft,-0.337,1.059,2.216,286
22.972,ShoulderRight,0.238,0.987,2.378,286
22.972,ElbowRight,0.456,0.981,2.379,286
22.972,WristRight,0.441,1.061,2.174,286
23.060,ShoulderLeft,-0.131,0.989,2.405,287
23.060,ElbowLeft,-0.343,0.980,2.427,287
23.060,WristLeft,-0.339,1.059,2.216,287
23.060,ShoulderRight,0.238,0.987,2.378,287
23.060,ElbowRight,0.456,0.981,2.379,287
23.060,WristRight,0.443,1.060,2.174,287
23.131,ShoulderLeft,-0.131,0.989,2.405,288
23.131,ElbowLeft,-0.342,0.980,2.428,288
23.131,WristLeft,-0.341,1.058,2.212,288
23.131,ShoulderRight,0.238,0.987,2.378,288
23.131,ElbowRight,0.456,0.981,2.379,288
23.131,WristRight,0.445,1.060,2.175,288
23.202,ShoulderLeft,-0.131,0.989,2.405,289
23.202,ElbowLeft,-0.341,0.979,2.428,289
23.202,WristLeft,-0.343,1.057,2.209,289
23.202,ShoulderRight,0.238,0.987,2.378,289
23.202,ElbowRight,0.456,0.981,2.379,289
23.202,WristRight,0.447,1.061,2.175,289
23.279,ShoulderLeft,-0.131,0.989,2.405,290
23.279,ElbowLeft,-0.340,0.979,2.428,290
23.279,WristLeft,-0.347,1.057,2.209,290
23.279,ShoulderRight,0.238,0.987,2.378,290
23.279,ElbowRight,0.456,0.981,2.379,290
23.279,WristRight,0.448,1.063,2.176,290
23.355,ShoulderLeft,-0.131,0.989,2.404,291
23.355,ElbowLeft,-0.340,0.979,2.428,291
23.355,WristLeft,-0.360,1.057,2.208,291
23.355,ShoulderRight,0.238,0.987,2.378,291
23.355,ElbowRight,0.456,0.981,2.379,291
23.355,WristRight,0.456,1.077,2.134,291
23.433,ShoulderLeft,-0.131,0.989,2.404,292
23.433,ElbowLeft,-0.340,0.979,2.428,292
23.433,WristLeft,-0.372,1.055,2.215,292
23.433,ShoulderRight,0.238,0.987,2.378,292
23.433,ElbowRight,0.455,0.981,2.378,292
23.433,WristRight,0.464,1.074,2.141,292
23.508,ShoulderLeft,-0.131,0.988,2.404,293
23.508,ElbowLeft,-0.339,0.979,2.428,293
23.508,WristLeft,-0.379,1.054,2.219,293
23.508,ShoulderRight,0.238,0.987,2.377,293
23.508,ElbowRight,0.455,0.981,2.378,293
23.508,WristRight,0.469,1.072,2.149,293
23.584,ShoulderLeft,-0.131,0.988,2.404,294
23.584,ElbowLeft,-0.339,0.978,2.428,294
23.584,WristLeft,-0.385,1.053,2.222,294
23.584,ShoulderRight,0.237,0.987,2.377,294
23.584,ElbowRight,0.454,0.981,2.378,294
23.584,WristRight,0.463,1.068,2.152,294
23.655,ShoulderLeft,-0.131,0.988,2.404,295
23.655,ElbowLeft,-0.339,0.978,2.428,295
23.655,WristLeft,-0.390,1.053,2.224,295
23.655,ShoulderRight,0.237,0.987,2.377,295
23.655,ElbowRight,0.454,0.981,2.377,295
23.655,WristRight,0.460,1.065,2.150,295
23.730,ShoulderLeft,-0.131,0.988,2.404,296
23.730,ElbowLeft,-0.338,0.978,2.428,296
23.730,WristLeft,-0.395,1.052,2.226,296
23.730,ShoulderRight,0.237,0.987,2.377,296
23.730,ElbowRight,0.453,0.982,2.376,296
23.730,WristRight,0.477,1.064,2.159,296
23.805,ShoulderLeft,-0.131,0.988,2.404,297
23.805,ElbowLeft,-0.338,0.978,2.428,297
23.805,WristLeft,-0.399,1.052,2.228,297
23.805,ShoulderRight,0.237,0.987,2.377,297
23.805,ElbowRight,0.452,0.982,2.375,297
23.805,WristRight,0.488,1.063,2.165,297
23.881,ShoulderLeft,-0.131,0.988,2.404,298
23.881,ElbowLeft,-0.338,0.978,2.428,298
23.881,WristLeft,-0.403,1.051,2.230,298
23.881,ShoulderRight,0.237,0.987,2.377,298
23.881,ElbowRight,0.452,0.983,2.374,298
23.881,WristRight,0.497,1.063,2.168,298
23.957,ShoulderLeft,-0.131,0.988,2.404,299
23.957,ElbowLeft,-0.338,0.978,2.428,299
23.957,WristLeft,-0.409,1.051,2.232,299
23.957,ShoulderRight,0.237,0.987,2.377,299
23.957,ElbowRight,0.452,0.984,2.373,299
23.957,WristRight,0.504,1.064,2.170,299
24.035,ShoulderLeft,-0.131,0.988,2.404,300
24.035,ElbowLeft,-0.338,0.978,2.428,300
24.035,WristLeft,-0.413,1.051,2.235,300
24.035,ShoulderRight,0.237,0.986,2.377,300
24.035,ElbowRight,0.452,0.985,2.372,300
24.035,WristRight,0.517,1.065,2.169,300
24.108,ShoulderLeft,-0.131,0.988,2.403,301
24.108,ElbowLeft,-0.338,0.978,2.428,301
24.108,WristLeft,-0.417,1.051,2.237,301
24.108,ShoulderRight,0.237,0.986,2.376,301
24.108,ElbowRight,0.452,0.986,2.371,301
24.108,WristRight,0.524,1.065,2.168,301
24.185,ShoulderLeft,-0.131,0.988,2.403,302
24.185,ElbowLeft,-0.338,0.978,2.428,302
24.185,WristLeft,-0.421,1.051,2.239,302
24.185,ShoulderRight,0.237,0.986,2.376,302
24.185,ElbowRight,0.453,0.987,2.371,302
24.185,WristRight,0.529,1.065,2.169,302
24.262,ShoulderLeft,-0.131,0.988,2.403,303
24.262,ElbowLeft,-0.338,0.978,2.428,303
24.262,WristLeft,-0.428,1.051,2.243,303
24.262,ShoulderRight,0.237,0.986,2.376,303
24.262,ElbowRight,0.453,0.987,2.370,303
24.262,WristRight,0.534,1.066,2.169,303
24.337,ShoulderLeft,-0.131,0.988,2.403,304
24.337,ElbowLeft,-0.338,0.978,2.428,304
24.337,WristLeft,-0.445,1.055,2.240,304
24.337,ShoulderRight,0.237,0.986,2.376,304
24.337,ElbowRight,0.453,0.988,2.369,304
24.337,WristRight,0.538,1.067,2.168,304
24.412,ShoulderLeft,-0.131,0.988,2.403,305
24.412,ElbowLeft,-0.338,0.979,2.428,305
24.412,WristLeft,-0.456,1.056,2.242,305
24.412,ShoulderRight,0.237,0.986,2.376,305
24.412,ElbowRight,0.454,0.989,2.369,305
24.412,WristRight,0.543,1.067,2.168,305
24.485,ShoulderLeft,-0.131,0.988,2.403,306
24.485,ElbowLeft,-0.339,0.979,2.428,306
24.485,WristLeft,-0.464,1.056,2.247,306
24.485,ShoulderRight,0.237,0.986,2.376,306
24.485,ElbowRight,0.455,0.989,2.368,306
24.485,WristRight,0.549,1.068,2.168,306
24.561,ShoulderLeft,-0.131,0.988,2.403,307
24.561,ElbowLeft,-0.339,0.979,2.428,307
24.561,WristLeft,-0.472,1.056,2.256,307
24.561,ShoulderRight,0.237,0.986,2.375,307
24.561,ElbowRight,0.455,0.990,2.368,307
24.561,WristRight,0.557,1.068,2.169,307
24.634,ShoulderLeft,-0.131,0.988,2.403,308
24.634,ElbowLeft,-0.339,0.980,2.428,308
24.634,WristLeft,-0.477,1.055,2.262,308
24.634,ShoulderRight,0.237,0.986,2.375,308
24.634,ElbowRight,0.456,0.990,2.367,308
24.634,WristRight,0.566,1.068,2.170,308
24.721,ShoulderLeft,-0.131,0.987,2.403,309
24.721,ElbowLeft,-0.339,0.980,2.428,309
24.721,WristLeft,-0.488,1.053,2.273,309
24.721,ShoulderRight,0.237,0.986,2.375,309
24.721,ElbowRight,0.458,0.991,2.366,309
24.721,WristRight,0.581,1.067,2.172,309
24.796,ShoulderLeft,-0.131,0.987,2.403,310
24.796,ElbowLeft,-0.339,0.980,2.428,310
24.796,WristLeft,-0.495,1.051,2.281,310
24.796,ShoulderRight,0.237,0.986,2.375,310
24.796,ElbowRight,0.460,0.992,2.366,310
24.796,WristRight,0.591,1.067,2.173,310
24.873,ShoulderLeft,-0.131,0.987,2.403,311
24.873,ElbowLeft,-0.340,0.980,2.428,311
24.873,WristLeft,-0.507,1.047,2.298,311
24.873,ShoulderRight,0.237,0.986,2.375,311
24.873,ElbowRight,0.462,0.993,2.366,311
24.873,WristRight,0.602,1.066,2.177,311
24.951,ShoulderLeft,-0.131,0.987,2.403,312
24.951,ElbowLeft,-0.340,0.980,2.428,312
24.951,WristLeft,-0.514,1.044,2.308,312
24.951,ShoulderRight,0.237,0.986,2.375,312
24.951,ElbowRight,0.463,0.993,2.365,312
24.951,WristRight,0.612,1.064,2.184,312
25.026,ShoulderLeft,-0.131,0.987,2.402,313
25.026,ElbowLeft,-0.341,0.980,2.428,313
25.026,WristLeft,-0.519,1.042,2.314,313
25.026,ShoulderRight,0.237,0.986,2.375,313
25.026,ElbowRight,0.464,0.994,2.365,313
25.026,WristRight,0.621,1.062,2.194,313
25.101,ShoulderLeft,-0.131,0.987,2.402,314
25.101,ElbowLeft,-0.342,0.980,2.428,314
25.101,WristLeft,-0.523,1.041,2.318,314
25.101,ShoulderRight,0.237,0.986,2.374,314
25.101,ElbowRight,0.465,0.994,2.365,314
25.101,WristRight,0.627,1.060,2.203,314
25.179,ShoulderLeft,-0.131,0.987,2.402,315
25.179,ElbowLeft,-0.343,0.980,2.428,315
25.179,WristLeft,-0.526,1.040,2.321,315
25.179,ShoulderRight,0.237,0.986,2.374,315
25.179,ElbowRight,0.466,0.993,2.365,315
25.179,WristRight,0.632,1.056,2.215,315
25.260,ShoulderLeft,-0.131,0.987,2.402,316
25.260,ElbowLeft,-0.344,0.980,2.429,316
25.260,WristLeft,-0.529,1.039,2.324,316
25.260,ShoulderRight,0.237,0.986,2.374,316
25.260,ElbowRight,0.466,0.993,2.366,316
25.260,WristRight,0.636,1.053,2.226,316
25.339,ShoulderLeft,-0.131,0.987,2.402,317
25.339,ElbowLeft,-0.346,0.980,2.429,317
25.339,WristLeft,-0.532,1.037,2.326,317
25.339,ShoulderRight,0.237,0.985,2.374,317
25.339,ElbowRight,0.466,0.992,2.366,317
25.339,WristRight,0.639,1.047,2.242,317
25.417,ShoulderLeft,-0.131,0.986,2.402,318
25.417,ElbowLeft,-0.351,0.980,2.429,318
25.417,WristLeft,-0.537,1.036,2.329,318
25.417,ShoulderRight,0.237,0.985,2.374,318
25.417,ElbowRight,0.466,0.991,2.367,318
25.417,WristRight,0.641,1.043,2.252,318
25.525,ShoulderLeft,-0.131,0.986,2.402,319
25.525,ElbowLeft,-0.356,0.981,2.430,319
25.525,WristLeft,-0.577,1.032,2.333,319
25.525,ShoulderRight,0.237,0.985,2.374,319
25.525,ElbowRight,0.466,0.990,2.368,319
25.525,WristRight,0.655,1.038,2.269,319
25.597,ShoulderLeft,-0.131,0.986,2.402,320
25.597,ElbowLeft,-0.360,0.981,2.430,320
25.597,WristLeft,-0.594,1.030,2.335,320
25.597,ShoulderRight,0.237,0.984,2.374,320
25.597,ElbowRight,0.466,0.990,2.368,320
25.597,WristRight,0.676,1.036,2.273,320
25.671,ShoulderLeft,-0.131,0.986,2.402,321
25.671,ElbowLeft,-0.363,0.981,2.430,321
25.671,WristLeft,-0.603,1.028,2.337,321
25.671,ShoulderRight,0.237,0.984,2.374,321
25.671,ElbowRight,0.466,0.989,2.369,321
25.671,WristRight,0.677,1.032,2.293,321
25.747,ShoulderLeft,-0.131,0.986,2.402,322
25.747,ElbowLeft,-0.365,0.981,2.431,322
25.747,WristLeft,-0.591,1.025,2.363,322
25.747,ShoulderRight,0.237,0.984,2.374,322
25.747,ElbowRight,0.466,0.988,2.370,322
25.747,WristRight,0.677,1.029,2.309,322
25.826,ShoulderLeft,-0.131,0.986,2.402,323
25.826,ElbowLeft,-0.366,0.981,2.431,323
25.826,WristLeft,-0.584,1.024,2.383,323
25.826,ShoulderRight,0.237,0.984,2.374,323
25.826,ElbowRight,0.466,0.988,2.371,323
25.826,WristRight,0.676,1.027,2.322,323
25.901,ShoulderLeft,-0.131,0.985,2.402,324
25.901,ElbowLeft,-0.368,0.982,2.432,324
25.901,WristLeft,-0.580,1.024,2.396,324
25.901,ShoulderRight,0.237,0.983,2.374,324
25.901,ElbowRight,0.466,0.988,2.372,324
25.901,WristRight,0.675,1.026,2.330,324
25.977,ShoulderLeft,-0.131,0.985,2.402,325
25.977,ElbowLeft,-0.369,0.985,2.435,325
25.977,WristLeft,-0.575,1.026,2.417,325
25.977,ShoulderRight,0.237,0.983,2.373,325
25.977,ElbowRight,0.466,0.987,2.374,325
25.977,WristRight,0.674,1.025,2.340,325
26.055,ShoulderLeft,-0.131,0.986,2.402,326
26.055,ElbowLeft,-0.369,0.989,2.439,326
26.055,WristLeft,-0.573,1.028,2.433,326
26.055,ShoulderRight,0.236,0.983,2.373,326
26.055,ElbowRight,0.466,0.988,2.378,326
26.055,WristRight,0.672,1.024,2.351,326
26.130,ShoulderLeft,-0.131,0.986,2.402,327
26.130,ElbowLeft,-0.369,0.994,2.444,327
26.130,WristLeft,-0.570,1.030,2.451,327
26.130,ShoulderRight,0.236,0.983,2.373,327
26.130,ElbowRight,0.465,0.989,2.381,327
26.130,WristRight,0.671,1.024,2.360,327
26.205,ShoulderLeft,-0.132,0.987,2.402,328
26.205,ElbowLeft,-0.368,0.997,2.448,328
26.205,WristLeft,-0.577,1.033,2.462,328
26.205,ShoulderRight,0.236,0.984,2.373,328
26.205,ElbowRight,0.465,0.990,2.385,328
26.205,WristRight,0.671,1.024,2.365,328
26.284,ShoulderLeft,-0.132,0.988,2.403,329
26.284,ElbowLeft,-0.367,0.999,2.451,329
26.284,WristLeft,-0.581,1.035,2.467,329
26.284,ShoulderRight,0.236,0.984,2.372,329
26.284,ElbowRight,0.465,0.991,2.387,329
26.284,WristRight,0.670,1.025,2.369,329
26.365,ShoulderLeft,-0.132,0.989,2.403,330
26.365,ElbowLeft,-0.367,1.001,2.453,330
26.365,WristLeft,-0.585,1.036,2.470,330
26.365,ShoulderRight,0.235,0.985,2.372,330
26.365,ElbowRight,0.464,0.992,2.389,330
26.365,WristRight,0.670,1.025,2.371,330
26.446,ShoulderLeft,-0.132,0.990,2.403,331
26.446,ElbowLeft,-0.366,1.003,2.455,331
26.446,WristLeft,-0.588,1.037,2.471,331
26.446,ShoulderRight,0.235,0.985,2.371,331
26.446,ElbowRight,0.464,0.993,2.390,331
26.446,WristRight,0.670,1.025,2.373,331
26.531,ShoulderLeft,-0.132,0.990,2.403,332
26.531,ElbowLeft,-0.365,1.004,2.456,332
26.531,WristLeft,-0.590,1.037,2.471,332
26.531,ShoulderRight,0.235,0.986,2.371,332
26.531,ElbowRight,0.464,0.994,2.392,332
26.531,WristRight,0.669,1.025,2.374,332
26.609,ShoulderLeft,-0.132,0.991,2.403,333
26.609,ElbowLeft,-0.365,1.004,2.457,333
26.609,WristLeft,-0.584,1.035,2.471,333
26.609,ShoulderRight,0.234,0.986,2.370,333
26.609,ElbowRight,0.464,0.994,2.392,333
26.609,WristRight,0.669,1.026,2.374,333
26.688,ShoulderLeft,-0.131,0.992,2.403,334
26.688,ElbowLeft,-0.364,1.004,2.458,334
26.688,WristLeft,-0.579,1.032,2.471,334
26.688,ShoulderRight,0.234,0.987,2.369,334
26.688,ElbowRight,0.464,0.995,2.393,334
26.688,WristRight,0.669,1.026,2.373,334
26.766,ShoulderLeft,-0.131,0.993,2.403,335
26.766,ElbowLeft,-0.363,1.004,2.459,335
26.766,WristLeft,-0.574,1.030,2.471,335
26.766,ShoulderRight,0.233,0.988,2.368,335
26.766,ElbowRight,0.464,0.995,2.393,335
26.766,WristRight,0.669,1.026,2.372,335
26.844,ShoulderLeft,-0.131,0.994,2.403,336
26.844,ElbowLeft,-0.363,1.004,2.460,336
26.844,WristLeft,-0.571,1.027,2.471,336
26.844,ShoulderRight,0.233,0.988,2.368,336
26.844,ElbowRight,0.463,0.996,2.393,336
26.844,WristRight,0.668,1.026,2.371,336
26.925,ShoulderLeft,-0.131,0.994,2.403,337
26.925,ElbowLeft,-0.362,1.004,2.460,337
26.925,WristLeft,-0.569,1.025,2.470,337
26.925,ShoulderRight,0.233,0.989,2.367,337
26.925,ElbowRight,0.463,0.996,2.393,337
26.925,WristRight,0.668,1.026,2.368,337
27.001,ShoulderLeft,-0.131,0.995,2.403,338
27.001,ElbowLeft,-0.361,1.003,2.461,338
27.001,WristLeft,-0.567,1.024,2.470,338
27.001,ShoulderRight,0.232,0.989,2.367,338
27.001,ElbowRight,0.463,0.996,2.393,338
27.001,WristRight,0.668,1.026,2.365,338
27.079,ShoulderLeft,-0.131,0.995,2.402,339
27.079,ElbowLeft,-0.361,1.002,2.461,339
27.079,WristLeft,-0.566,1.022,2.469,339
27.079,ShoulderRight,0.232,0.990,2.366,339
27.079,ElbowRight,0.463,0.996,2.392,339
27.079,WristRight,0.667,1.026,2.362,339
27.154,ShoulderLeft,-0.131,0.995,2.402,340
27.154,ElbowLeft,-0.361,1.001,2.461,340
27.154,WristLeft,-0.565,1.021,2.469,340
27.154,ShoulderRight,0.232,0.990,2.366,340
27.154,ElbowRight,0.463,0.996,2.391,340
27.154,WristRight,0.667,1.025,2.359,340
27.230,ShoulderLeft,-0.131,0.995,2.402,341
27.230,ElbowLeft,-0.360,1.001,2.461,341
27.230,WristLeft,-0.565,1.020,2.468,341
27.230,ShoulderRight,0.232,0.990,2.365,341
27.230,ElbowRight,0.463,0.996,2.391,341
27.230,WristRight,0.667,1.025,2.357,341
27.306,ShoulderLeft,-0.131,0.995,2.402,342
27.306,ElbowLeft,-0.360,1.000,2.461,342
27.306,WristLeft,-0.564,1.019,2.466,342
27.306,ShoulderRight,0.232,0.990,2.365,342
27.306,ElbowRight,0.463,0.995,2.390,342
27.306,WristRight,0.667,1.025,2.355,342
27.385,ShoulderLeft,-0.130,0.995,2.401,343
27.385,ElbowLeft,-0.360,0.999,2.461,343
27.385,WristLeft,-0.564,1.017,2.465,343
27.385,ShoulderRight,0.232,0.990,2.365,343
27.385,ElbowRight,0.462,0.995,2.389,343
27.385,WristRight,0.667,1.025,2.354,343
27.473,ShoulderLeft,-0.130,0.995,2.401,344
27.473,ElbowLeft,-0.360,0.997,2.460,344
27.473,WristLeft,-0.564,1.016,2.464,344
27.473,ShoulderRight,0.232,0.991,2.364,344
27.473,ElbowRight,0.462,0.995,2.389,344
27.473,WristRight,0.667,1.025,2.353,344
27.551,ShoulderLeft,-0.130,0.994,2.401,345
27.551,ElbowLeft,-0.360,0.997,2.460,345
27.551,WristLeft,-0.565,1.015,2.463,345
27.551,ShoulderRight,0.232,0.991,2.364,345
27.551,ElbowRight,0.462,0.995,2.388,345
27.551,WristRight,0.667,1.024,2.352,345
27.630,ShoulderLeft,-0.130,0.994,2.400,346
27.630,ElbowLeft,-0.360,0.996,2.460,346
27.630,WristLeft,-0.566,1.015,2.461,346
27.630,ShoulderRight,0.232,0.991,2.364,346
27.630,ElbowRight,0.462,0.994,2.387,346
27.630,WristRight,0.667,1.024,2.351,346
27.706,ShoulderLeft,-0.130,0.994,2.400,347
27.706,ElbowLeft,-0.360,0.995,2.459,347
27.706,WristLeft,-0.566,1.014,2.461,347
27.706,ShoulderRight,0.232,0.991,2.364,347
27.706,ElbowRight,0.462,0.994,2.387,347
27.706,WristRight,0.666,1.024,2.351,347
27.784,ShoulderLeft,-0.129,0.994,2.400,348
27.784,ElbowLeft,-0.360,0.994,2.459,348
27.784,WristLeft,-0.566,1.014,2.460,348
27.784,ShoulderRight,0.232,0.991,2.364,348
27.784,ElbowRight,0.463,0.994,2.386,348
27.784,WristRight,0.667,1.024,2.350,348
27.862,ShoulderLeft,-0.129,0.994,2.399,349
27.862,ElbowLeft,-0.360,0.994,2.458,349
27.862,WristLeft,-0.566,1.013,2.458,349
27.862,ShoulderRight,0.232,0.991,2.364,349
27.862,ElbowRight,0.463,0.993,2.385,349
27.862,WristRight,0.667,1.023,2.349,349
27.935,ShoulderLeft,-0.129,0.993,2.399,350
27.935,ElbowLeft,-0.360,0.993,2.458,350
27.935,WristLeft,-0.566,1.013,2.457,350
27.935,ShoulderRight,0.232,0.991,2.363,350
27.935,ElbowRight,0.463,0.993,2.385,350
27.935,WristRight,0.667,1.023,2.349,350
28.009,ShoulderLeft,-0.129,0.993,2.399,351
28.009,ElbowLeft,-0.360,0.993,2.457,351
28.009,WristLeft,-0.566,1.013,2.456,351
28.009,ShoulderRight,0.232,0.991,2.363,351
28.009,ElbowRight,0.463,0.992,2.384,351
28.009,WristRight,0.667,1.022,2.348,351
28.088,ShoulderLeft,-0.129,0.993,2.398,352
28.088,ElbowLeft,-0.360,0.992,2.457,352
28.088,WristLeft,-0.566,1.013,2.455,352
28.088,ShoulderRight,0.233,0.991,2.363,352
28.088,ElbowRight,0.463,0.992,2.383,352
28.088,WristRight,0.667,1.022,2.347,352
28.165,ShoulderLeft,-0.128,0.993,2.398,353
28.165,ElbowLeft,-0.360,0.992,2.457,353
28.165,WristLeft,-0.566,1.013,2.455,353
28.165,ShoulderRight,0.233,0.990,2.363,353
28.165,ElbowRight,0.463,0.992,2.383,353
28.165,WristRight,0.667,1.022,2.346,353
28.243,ShoulderLeft,-0.128,0.992,2.397,354
28.243,ElbowLeft,-0.360,0.992,2.456,354
28.243,WristLeft,-0.566,1.013,2.454,354
28.243,ShoulderRight,0.233,0.990,2.363,354
28.243,ElbowRight,0.463,0.991,2.382,354
28.243,WristRight,0.667,1.022,2.346,354
28.333,ShoulderLeft,-0.128,0.992,2.397,355
28.333,ElbowLeft,-0.360,0.992,2.456,355
28.333,WristLeft,-0.566,1.013,2.454,355
28.333,ShoulderRight,0.233,0.990,2.363,355
28.333,ElbowRight,0.464,0.991,2.382,355
28.333,WristRight,0.667,1.021,2.345,355
28.406,ShoulderLeft,-0.128,0.992,2.397,356
28.406,ElbowLeft,-0.360,0.992,2.456,356
28.406,WristLeft,-0.566,1.014,2.453,356
28.406,ShoulderRight,0.233,0.990,2.363,356
28.406,ElbowRight,0.464,0.991,2.382,356
28.406,WristRight,0.668,1.021,2.345,356
28.482,ShoulderLeft,-0.128,0.992,2.397,357
28.482,ElbowLeft,-0.360,0.992,2.456,357
28.482,WristLeft,-0.566,1.014,2.453,357
28.482,ShoulderRight,0.233,0.990,2.362,357
28.482,ElbowRight,0.464,0.991,2.381,357
28.482,WristRight,0.668,1.021,2.344,357
28.557,ShoulderLeft,-0.127,0.992,2.397,358
28.557,ElbowLeft,-0.360,0.991,2.455,358
28.557,WristLeft,-0.566,1.014,2.452,358
28.557,ShoulderRight,0.233,0.990,2.362,358
28.557,ElbowRight,0.464,0.991,2.381,358
28.557,WristRight,0.668,1.021,2.344,358
28.631,ShoulderLeft,-0.127,0.991,2.397,359
28.631,ElbowLeft,-0.360,0.991,2.455,359
28.631,WristLeft,-0.566,1.015,2.452,359
28.631,ShoulderRight,0.234,0.990,2.362,359
28.631,ElbowRight,0.464,0.991,2.381,359
28.631,WristRight,0.668,1.021,2.344,359
28.704,ShoulderLeft,-0.127,0.991,2.397,360
28.704,ElbowLeft,-0.360,0.991,2.455,360
28.704,WristLeft,-0.566,1.015,2.452,360
28.704,ShoulderRight,0.234,0.990,2.362,360
28.704,ElbowRight,0.464,0.990,2.381,360
28.704,WristRight,0.668,1.021,2.343,360
28.779,ShoulderLeft,-0.127,0.991,2.396,361
28.779,ElbowLeft,-0.360,0.991,2.455,361
28.779,WristLeft,-0.566,1.016,2.452,361
28.779,ShoulderRight,0.234,0.990,2.362,361
28.779,ElbowRight,0.464,0.991,2.380,361
28.779,WristRight,0.668,1.022,2.343,361
28.855,ShoulderLeft,-0.127,0.991,2.396,362
28.855,ElbowLeft,-0.360,0.991,2.455,362
28.855,WristLeft,-0.566,1.016,2.452,362
28.855,ShoulderRight,0.234,0.990,2.362,362
28.855,ElbowRight,0.464,0.991,2.380,362
28.855,WristRight,0.668,1.022,2.343,362
28.928,ShoulderLeft,-0.127,0.991,2.396,363
28.928,ElbowLeft,-0.360,0.991,2.455,363
28.928,WristLeft,-0.566,1.016,2.452,363
28.928,ShoulderRight,0.234,0.990,2.362,363
28.928,ElbowRight,0.464,0.991,2.380,363
28.928,WristRight,0.668,1.023,2.342,363
29.001,ShoulderLeft,-0.127,0.991,2.396,364
29.001,ElbowLeft,-0.360,0.991,2.455,364
29.001,WristLeft,-0.566,1.016,2.451,364
29.001,ShoulderRight,0.234,0.990,2.362,364
29.001,ElbowRight,0.464,0.991,2.380,364
29.001,WristRight,0.668,1.023,2.342,364
29.076,ShoulderLeft,-0.127,0.991,2.396,365
29.076,ElbowLeft,-0.360,0.991,2.454,365
29.076,WristLeft,-0.566,1.016,2.451,365
29.076,ShoulderRight,0.234,0.990,2.362,365
29.076,ElbowRight,0.465,0.991,2.380,365
29.076,WristRight,0.668,1.024,2.341,365
29.148,ShoulderLeft,-0.127,0.991,2.396,366
29.148,ElbowLeft,-0.360,0.991,2.454,366
29.148,WristLeft,-0.566,1.016,2.451,366
29.148,ShoulderRight,0.234,0.990,2.362,366
29.148,ElbowRight,0.465,0.991,2.379,366
29.148,WristRight,0.668,1.024,2.341,366
29.228,ShoulderLeft,-0.127,0.991,2.396,367
29.228,ElbowLeft,-0.360,0.991,2.454,367
29.228,WristLeft,-0.566,1.016,2.451,367
29.228,ShoulderRight,0.234,0.990,2.362,367
29.228,ElbowRight,0.465,0.991,2.379,367
29.228,WristRight,0.668,1.024,2.341,367
29.310,ShoulderLeft,-0.127,0.991,2.396,368
29.310,ElbowLeft,-0.360,0.991,2.454,368
29.310,WristLeft,-0.566,1.016,2.451,368
29.310,ShoulderRight,0.234,0.990,2.362,368
29.310,ElbowRight,0.465,0.991,2.379,368
29.310,WristRight,0.668,1.025,2.340,368
29.387,ShoulderLeft,-0.127,0.991,2.396,369
29.387,ElbowLeft,-0.360,0.991,2.454,369
29.387,WristLeft,-0.566,1.016,2.451,369
29.387,ShoulderRight,0.234,0.990,2.362,369
29.387,ElbowRight,0.465,0.991,2.379,369
29.387,WristRight,0.668,1.025,2.340,369
29.474,ShoulderLeft,-0.128,0.991,2.396,370
29.474,ElbowLeft,-0.360,0.991,2.454,370
29.474,WristLeft,-0.566,1.016,2.451,370
29.474,ShoulderRight,0.234,0.990,2.362,370
29.474,ElbowRight,0.465,0.991,2.379,370
29.474,WristRight,0.668,1.025,2.339,370
29.556,ShoulderLeft,-0.128,0.991,2.396,371
29.556,ElbowLeft,-0.360,0.991,2.454,371
29.556,WristLeft,-0.566,1.016,2.451,371
29.556,ShoulderRight,0.233,0.990,2.362,371
29.556,ElbowRight,0.465,0.992,2.379,371
29.556,WristRight,0.668,1.025,2.339,371
29.637,ShoulderLeft,-0.128,0.991,2.396,372
29.637,ElbowLeft,-0.360,0.991,2.453,372
29.637,WristLeft,-0.567,1.016,2.451,372
29.637,ShoulderRight,0.233,0.990,2.361,372
29.637,ElbowRight,0.465,0.992,2.378,372
29.637,WristRight,0.668,1.025,2.339,372
29.712,ShoulderLeft,-0.128,0.991,2.396,373
29.712,ElbowLeft,-0.361,0.991,2.453,373
29.712,WristLeft,-0.567,1.015,2.451,373
29.712,ShoulderRight,0.233,0.990,2.361,373
29.712,ElbowRight,0.465,0.992,2.378,373
29.712,WristRight,0.668,1.025,2.339,373
29.793,ShoulderLeft,-0.128,0.991,2.396,374
29.793,ElbowLeft,-0.361,0.991,2.453,374
29.793,WristLeft,-0.567,1.015,2.450,374
29.793,ShoulderRight,0.233,0.990,2.361,374
29.793,ElbowRight,0.465,0.992,2.378,374
29.793,WristRight,0.668,1.025,2.339,374
29.869,ShoulderLeft,-0.128,0.991,2.396,375
29.869,ElbowLeft,-0.361,0.991,2.452,375
29.869,WristLeft,-0.567,1.015,2.450,375
29.869,ShoulderRight,0.233,0.990,2.361,375
29.869,ElbowRight,0.465,0.992,2.378,375
29.869,WristRight,0.668,1.025,2.339,375
29.946,ShoulderLeft,-0.128,0.991,2.396,376
29.946,ElbowLeft,-0.361,0.991,2.452,376
29.946,WristLeft,-0.567,1.015,2.450,376
29.946,ShoulderRight,0.233,0.990,2.361,376
29.946,ElbowRight,0.465,0.992,2.378,376
29.946,WristRight,0.668,1.025,2.338,376
frames,376
